Country,2019_country_code,2019_income_group,2019_total_gdp_million,2019_porcentaje,2020_country_code,2020_income_group,2020_total_gdp_million,2020_porcentaje,2021_country_code,2021_income_group,2021_total_gdp_million,2021_porcentaje,2022_country_code,2022_income_group,2022_total_gdp_million,2022_porcentaje,2023_country_code,2023_income_group,2023_total_gdp_million,2023_porcentaje
Aruba,ABW,Ingreso Alto,3395.79888268156,0.02,ABW,Ingreso Alto,2481.8571228401,0.01,ABW,Ingreso Alto,2929.44657825104,0.01,ABW,Ingreso Alto,3279.34354360416,0.01,ABW,Ingreso Alto,3648.57313615155,0.01
Afghanistan,AFG,Países De Ingreso Bajo,18799.4444901128,0.09,AFG,Países De Ingreso Bajo,19955.9290521496,0.09,AFG,Países De Ingreso Bajo,14259.995441075898,0.06,AFG,Países De Ingreso Bajo,14497.2438721337,0.06,AFG,Países De Ingreso Bajo,17233.0516201117,0.06
Angola,AGO,Países De Ingreso Mediano Bajo,70897.96273202769,0.33,AGO,Países De Ingreso Mediano Bajo,48501.561203568606,0.23,AGO,Países De Ingreso Mediano Bajo,66505.1299877235,0.28,AGO,Países De Ingreso Mediano Bajo,104399.746853401,0.4,AGO,Países De Ingreso Mediano Bajo,84824.6544817249,0.31
Albania,ALB,Ingreso Mediano Alto,15585.1051310644,0.07,ALB,Ingreso Mediano Alto,15241.4587448688,0.07,ALB,Ingreso Mediano Alto,18032.0105637558,0.08,ALB,Ingreso Mediano Alto,19017.2425857803,0.07,ALB,Ingreso Mediano Alto,23547.1798304413,0.08
Andorra,AND,Ingreso Alto,3155.14934780639,0.01,AND,Ingreso Alto,2891.0011493611,0.01,AND,Ingreso Alto,3324.647529381,0.01,AND,Ingreso Alto,3380.61257332922,0.01,AND,Ingreso Alto,3785.0673317625,0.01
United Arab Emirates,ARE,Ingreso Alto,417989.721734494,1.94,ARE,Ingreso Alto,349473.015336939,1.64,ARE,Ingreso Alto,415178.792769884,1.75,ARE,Ingreso Alto,502731.935197487,1.93,ARE,Ingreso Alto,514130.432653081,1.85
Argentina,ARG,Ingreso Mediano Alto,447754.68361522496,2.08,ARG,Ingreso Mediano Alto,385740.508436965,1.81,ARG,Ingreso Mediano Alto,486564.085480036,2.05,ARG,Ingreso Mediano Alto,632790.0700631241,2.43,ARG,Ingreso Mediano Alto,646075.277525125,2.33
Armenia,ARM,Ingreso Mediano Alto,13619.2905392116,0.06,ARM,Ingreso Mediano Alto,12641.6985832152,0.06,ARM,Ingreso Mediano Alto,13878.9086289378,0.06,ARM,Ingreso Mediano Alto,19513.5065531251,0.08,ARM,Ingreso Mediano Alto,24085.7495923359,0.09
American Samoa,ASM,Ingreso Alto,647.0,0.0,ASM,Ingreso Alto,721.0,0.0,ASM,Ingreso Alto,750.0,0.0,ASM,Ingreso Alto,871.0,0.0,ASM,Ingreso Alto,0.0,0.0
Antigua And Barbuda,ATG,Ingreso Alto,1725.35185185185,0.01,ATG,Ingreso Alto,1410.7962962963,0.01,ATG,Ingreso Alto,1601.36666666667,0.01,ATG,Ingreso Alto,1867.73333333333,0.01,ATG,Ingreso Alto,2033.08518518518,0.01
Australia,AUS,Ingreso Alto,1392723.83456264,6.47,AUS,Ingreso Alto,1328414.0583783798,6.22,AUS,Ingreso Alto,1556735.77043726,6.57,AUS,Ingreso Alto,1690858.24699443,6.5,AUS,Ingreso Alto,1728057.31669561,6.23
Austria,AUT,Ingreso Alto,442983.642371842,2.06,AUT,Ingreso Alto,434397.601557696,2.03,AUT,Ingreso Alto,480467.03733878303,2.03,AUT,Ingreso Alto,471773.62983038096,1.81,AUT,Ingreso Alto,511685.203845001,1.85
Azerbaijan,AZE,Ingreso Mediano Alto,48174.2352941176,0.22,AZE,Ingreso Mediano Alto,42693.0,0.2,AZE,Ingreso Mediano Alto,54825.4117647059,0.23,AZE,Ingreso Mediano Alto,78807.4705882353,0.3,AZE,Ingreso Mediano Alto,72356.1764705882,0.26
Burundi,BDI,Países De Ingreso Bajo,2576.5188798235304,0.01,BDI,Países De Ingreso Bajo,2649.68026144299,0.01,BDI,Países De Ingreso Bajo,2775.79869746022,0.01,BDI,Países De Ingreso Bajo,3338.72282765691,0.01,BDI,Países De Ingreso Bajo,2642.16166885211,0.01
Belgium,BEL,Ingreso Alto,536726.344405489,2.49,BEL,Ingreso Alto,529694.473501791,2.48,BEL,Ingreso Alto,598494.036474409,2.53,BEL,Ingreso Alto,593438.820508173,2.28,BEL,Ingreso Alto,644782.756682756,2.33
Benin,BEN,Países De Ingreso Mediano Bajo,14391.686309033,0.07,BEN,Países De Ingreso Mediano Bajo,15651.5452088783,0.07,BEN,Países De Ingreso Mediano Bajo,17690.0835199323,0.07,BEN,Países De Ingreso Mediano Bajo,17401.746309265498,0.07,BEN,Países De Ingreso Mediano Bajo,19676.0490757011,0.07
Burkina Faso,BFA,Países De Ingreso Bajo,16032.8135033707,0.07,BFA,Países De Ingreso Bajo,17725.010532526798,0.08,BFA,Países De Ingreso Bajo,19697.5162843787,0.08,BFA,Países De Ingreso Bajo,18820.2186905948,0.07,BFA,Países De Ingreso Bajo,20324.6178445265,0.07
Bangladesh,BGD,Países De Ingreso Mediano Bajo,351231.654603692,1.63,BGD,Países De Ingreso Mediano Bajo,373979.442362193,1.75,BGD,Países De Ingreso Mediano Bajo,416271.647911014,1.76,BGD,Países De Ingreso Mediano Bajo,460131.688909301,1.77,BGD,Países De Ingreso Mediano Bajo,437415.331040994,1.58
Bulgaria,BGR,Ingreso Alto,68631.72628927941,0.32,BGR,Ingreso Alto,70716.82123459669,0.33,BGR,Ingreso Alto,84417.9512608091,0.36,BGR,Ingreso Alto,90642.8518358996,0.35,BGR,Ingreso Alto,102407.653020606,0.37
Bahrain,BHR,Ingreso Alto,40446.8085106383,0.19,BHR,Ingreso Alto,35837.6329787234,0.17,BHR,Ingreso Alto,40840.2127659574,0.17,BHR,Ingreso Alto,46680.3989361702,0.18,BHR,Ingreso Alto,46079.8670212766,0.17
Bahamas,BHS,Ingreso Alto,13016.2,0.06,BHS,Ingreso Alto,9958.2,0.05,BHS,Ingreso Alto,11368.9,0.05,BHS,Ingreso Alto,13136.4,0.05,BHS,Ingreso Alto,14338.5,0.05
Bosnia And Herzegovina,BIH,Ingreso Mediano Alto,20482.608755379,0.1,BIH,Ingreso Mediano Alto,20226.036564412894,0.09,BIH,Ingreso Mediano Alto,23672.7122422149,0.1,BIH,Ingreso Mediano Alto,24534.6636361778,0.09,BIH,Ingreso Mediano Alto,27514.7824760406,0.1
Belarus,BLR,Ingreso Mediano Alto,64410.1228473508,0.3,BLR,Ingreso Mediano Alto,61371.7553262351,0.29,BLR,Ingreso Mediano Alto,69673.74713187,0.29,BLR,Ingreso Mediano Alto,73775.179924603,0.28,BLR,Ingreso Mediano Alto,71857.38274560659,0.26
Belize,BLZ,Ingreso Mediano Alto,2388.3,0.01,BLZ,Ingreso Mediano Alto,2042.85,0.01,BLZ,Ingreso Mediano Alto,2420.55,0.01,BLZ,Ingreso Mediano Alto,2846.7,0.01,BLZ,Ingreso Mediano Alto,3066.85,0.01
Bermuda,BMU,Ingreso Alto,7423.465,0.03,BMU,Ingreso Alto,6887.147,0.03,BMU,Ingreso Alto,7286.607,0.03,BMU,Ingreso Alto,7827.98,0.03,BMU,Ingreso Alto,8141.7,0.03
Bolivia (Plurinational State Of),BOL,Países De Ingreso Mediano Bajo,40895.3228437851,0.19,BOL,Países De Ingreso Mediano Bajo,36629.8438050216,0.17,BOL,Países De Ingreso Mediano Bajo,40406.111695179,0.17,BOL,Países De Ingreso Mediano Bajo,44008.2828779606,0.17,BOL,Países De Ingreso Mediano Bajo,45135.3980088166,0.16
Brazil,BRA,Ingreso Mediano Alto,1873288.20518645,8.7,BRA,Ingreso Mediano Alto,1476107.23119411,6.91,BRA,Ingreso Mediano Alto,1670647.39903467,7.05,BRA,Ingreso Mediano Alto,1951923.94208332,7.51,BRA,Ingreso Mediano Alto,2173665.65593727,7.84
Barbados,BRB,Ingreso Alto,5788.288,0.03,BRB,Ingreso Alto,5168.34445,0.02,BRB,Ingreso Alto,5275.24205,0.02,BRB,Ingreso Alto,6257.3035,0.02,BRB,Ingreso Alto,6720.7332,0.02
Brunei Darussalam,BRN,Ingreso Alto,13469.2353482211,0.06,BRN,Ingreso Alto,12005.7996642691,0.06,BRN,Ingreso Alto,14006.4966143195,0.06,BRN,Ingreso Alto,16681.5364425498,0.06,BRN,Ingreso Alto,15128.2929808638,0.05
Bhutan,BTN,Países De Ingreso Mediano Bajo,2735.68357028851,0.01,BTN,Países De Ingreso Mediano Bajo,2457.6043341591503,0.01,BTN,Países De Ingreso Mediano Bajo,2768.80295960794,0.01,BTN,Países De Ingreso Mediano Bajo,2898.22774313545,0.01,BTN,Países De Ingreso Mediano Bajo,0.0,0.0
Botswana,BWA,Ingreso Mediano Alto,16725.9081485481,0.08,BWA,Ingreso Mediano Alto,14960.2911059316,0.07,BWA,Ingreso Mediano Alto,18750.9466001423,0.08,BWA,Ingreso Mediano Alto,20321.958850036302,0.08,BWA,Ingreso Mediano Alto,19396.0844980084,0.07
Central African Republic,CAF,Países De Ingreso Bajo,2221.30135143918,0.01,CAF,Países De Ingreso Bajo,2326.7209003804696,0.01,CAF,Países De Ingreso Bajo,2516.49841246384,0.01,CAF,Países De Ingreso Bajo,2382.61861501694,0.01,CAF,Países De Ingreso Bajo,2555.49208524831,0.01
Canada,CAN,Ingreso Alto,1743725.18367252,8.1,CAN,Ingreso Alto,1655684.73000019,7.75,CAN,Ingreso Alto,2007472.1814641496,8.48,CAN,Ingreso Alto,2161483.36942201,8.31,CAN,Ingreso Alto,2142470.9144013603,7.73
Switzerland,CHE,Ingreso Alto,721369.112726724,3.35,CHE,Ingreso Alto,741999.406005627,3.47,CHE,Ingreso Alto,813408.787222499,3.43,CHE,Ingreso Alto,818426.5502064499,3.15,CHE,Ingreso Alto,884940.4022304091,3.19
Chile,CHL,Ingreso Alto,278285.058719466,1.29,CHL,Ingreso Alto,254042.159309311,1.19,CHL,Ingreso Alto,315515.014838539,1.33,CHL,Ingreso Alto,302116.53940903005,1.16,CHL,Ingreso Alto,335533.331669219,1.21
China,CHN,Ingreso Mediano Alto,14279968.5062717,66.3,CHN,Ingreso Mediano Alto,14687744.162801,68.78,CHN,Ingreso Mediano Alto,17820459.5088522,75.25,CHN,Ingreso Mediano Alto,17881782.6837073,68.76,CHN,Ingreso Mediano Alto,17794783.039552,64.19
Côte D'Ivoire,CIV,Países De Ingreso Mediano Bajo,60382.894697355696,0.28,CIV,Países De Ingreso Mediano Bajo,63027.8528054204,0.3,CIV,Países De Ingreso Mediano Bajo,72794.6366537793,0.31,CIV,Países De Ingreso Mediano Bajo,70173.1401014315,0.27,CIV,Países De Ingreso Mediano Bajo,78875.4892450538,0.28
Cameroon,CMR,Países De Ingreso Mediano Bajo,39667.7575276578,0.18,CMR,Países De Ingreso Mediano Bajo,40773.2411770505,0.19,CMR,Países De Ingreso Mediano Bajo,45011.9373468384,0.19,CMR,Países De Ingreso Mediano Bajo,44347.2060725513,0.17,CMR,Países De Ingreso Mediano Bajo,49279.410982826,0.18
"Congo, Democratic Republic Of The",COD,Países De Ingreso Bajo,51775.8298772088,0.24,COD,Países De Ingreso Bajo,48716.9618601325,0.23,COD,Países De Ingreso Bajo,55328.4827835393,0.23,COD,Países De Ingreso Bajo,65801.5476195815,0.25,COD,Países De Ingreso Bajo,66383.2870029867,0.24
Congo,COG,Países De Ingreso Mediano Bajo,13976.6377799763,0.06,COG,Países De Ingreso Mediano Bajo,11468.6874640046,0.05,COG,Países De Ingreso Mediano Bajo,14825.690210915702,0.06,COG,Países De Ingreso Mediano Bajo,15817.0301546941,0.06,COG,Países De Ingreso Mediano Bajo,15321.0558225167,0.06
Colombia,COL,Ingreso Mediano Alto,323031.70119284,1.5,COL,Ingreso Mediano Alto,270348.342541465,1.27,COL,Ingreso Mediano Alto,318524.633225395,1.35,COL,Ingreso Mediano Alto,345329.875078512,1.33,COL,Ingreso Mediano Alto,363493.841244303,1.31
Comoros,COM,Países De Ingreso Mediano Bajo,1195.0195319011,0.01,COM,Países De Ingreso Mediano Bajo,1225.03919661091,0.01,COM,Países De Ingreso Mediano Bajo,1296.08947991978,0.01,COM,Países De Ingreso Mediano Bajo,1242.51940777603,0.0,COM,Países De Ingreso Mediano Bajo,1352.38097124055,0.0
Cabo Verde,CPV,Países De Ingreso Mediano Bajo,2252.17713374705,0.01,CPV,Países De Ingreso Mediano Bajo,1821.5656176945,0.01,CPV,Países De Ingreso Mediano Bajo,2051.84260964558,0.01,CPV,Países De Ingreso Mediano Bajo,2247.00334763376,0.01,CPV,Países De Ingreso Mediano Bajo,2533.8194064916,0.01
Costa Rica,CRI,Ingreso Mediano Alto,64417.6705213545,0.3,CRI,Ingreso Mediano Alto,62395.6107600492,0.29,CRI,Ingreso Mediano Alto,64960.7257341965,0.27,CRI,Ingreso Mediano Alto,69243.6260285936,0.27,CRI,Ingreso Mediano Alto,86497.94143901739,0.31
Cuba,CUB,Ingreso Mediano Alto,103427.6,0.48,CUB,Ingreso Mediano Alto,107351.8,0.5,CUB,Ingreso Mediano Alto,0.0,0.0,CUB,Ingreso Mediano Alto,0.0,0.0,CUB,Ingreso Mediano Alto,0.0,0.0
Curaçao,CUW,Ingreso Alto,3026.12413407821,0.01,CUW,Ingreso Alto,2534.32759776536,0.01,CUW,Ingreso Alto,2739.60815642458,0.01,CUW,Ingreso Alto,3075.1808347241704,0.01,CUW,Ingreso Alto,3281.41934737053,0.01
Cayman Islands,CYM,Ingreso Alto,5941.89660758643,0.03,CYM,Ingreso Alto,5655.35802143209,0.03,CYM,Ingreso Alto,6060.02652010608,0.03,CYM,Ingreso Alto,6600.84396337585,0.03,CYM,Ingreso Alto,7139.42855771423,0.03
Cyprus,CYP,Ingreso Alto,26196.6670995303,0.12,CYP,Ingreso Alto,25555.0938542968,0.12,CYP,Ingreso Alto,30372.874319628503,0.13,CYP,Ingreso Alto,30976.1768868521,0.12,CYP,Ingreso Alto,33886.9307123394,0.12
Czechia,CZE,Ingreso Alto,256794.20902877,1.19,CZE,Ingreso Alto,251109.660602536,1.18,CZE,Ingreso Alto,290972.71448231296,1.23,CZE,Ingreso Alto,301831.22832555603,1.16,CZE,Ingreso Alto,343207.87455373403,1.24
Germany,DEU,Ingreso Alto,3957208.05521568,18.37,DEU,Ingreso Alto,3940142.5413541,18.45,DEU,Ingreso Alto,4348297.440387529,18.36,DEU,Ingreso Alto,4163596.35787939,16.01,DEU,Ingreso Alto,4525703.903627531,16.33
Djibouti,DJI,Países De Ingreso Mediano Bajo,3088.85363856832,0.01,DJI,Países De Ingreso Mediano Bajo,3185.1509810320704,0.01,DJI,Países De Ingreso Mediano Bajo,3385.82522886997,0.01,DJI,Países De Ingreso Mediano Bajo,3674.29847907676,0.01,DJI,Países De Ingreso Mediano Bajo,4098.53051355777,0.01
Dominica,DMA,Ingreso Mediano Alto,611.5370370370371,0.0,DMA,Ingreso Mediano Alto,504.214814814815,0.0,DMA,Ingreso Mediano Alto,555.266666666667,0.0,DMA,Ingreso Mediano Alto,607.159259259259,0.0,DMA,Ingreso Mediano Alto,653.9925925925929,0.0
Denmark,DNK,Ingreso Alto,345401.473012615,1.6,DNK,Ingreso Alto,355631.02193162096,1.67,DNK,Ingreso Alto,408378.204639999,1.72,DNK,Ingreso Alto,401945.576107963,1.55,DNK,Ingreso Alto,407091.920305404,1.47
Dominican Republic,DOM,Ingreso Mediano Alto,88941.3725582397,0.41,DOM,Ingreso Mediano Alto,78844.6562981776,0.37,DOM,Ingreso Mediano Alto,94243.4259383647,0.4,DOM,Ingreso Mediano Alto,113537.36817613,0.44,DOM,Ingreso Mediano Alto,121444.279313931,0.44
Algeria,DZA,Ingreso Mediano Alto,193459.662090677,0.9,DZA,Ingreso Mediano Alto,164873.415325201,0.77,DZA,Ingreso Mediano Alto,186231.205262082,0.79,DZA,Ingreso Mediano Alto,225638.456572143,0.87,DZA,Ingreso Mediano Alto,247626.161016414,0.89
Ecuador,ECU,Ingreso Mediano Alto,107595.829,0.5,ECU,Ingreso Mediano Alto,95865.472,0.45,ECU,Ingreso Mediano Alto,107435.101,0.45,ECU,Ingreso Mediano Alto,116586.079,0.45,ECU,Ingreso Mediano Alto,118844.826,0.43
Egypt,EGY,Países De Ingreso Mediano Bajo,318678.815489749,1.48,EGY,Países De Ingreso Mediano Bajo,383817.841547099,1.8,EGY,Países De Ingreso Mediano Bajo,424671.765455704,1.79,EGY,Países De Ingreso Mediano Bajo,476747.720364742,1.83,EGY,Países De Ingreso Mediano Bajo,396002.49699696,1.43
Eritrea,ERI,Países De Ingreso Bajo,0.0,0.0,ERI,Países De Ingreso Bajo,0.0,0.0,ERI,Países De Ingreso Bajo,0.0,0.0,ERI,Países De Ingreso Bajo,0.0,0.0,ERI,Países De Ingreso Bajo,0.0,0.0
Spain,ESP,Ingreso Alto,1403496.38768627,6.52,ESP,Ingreso Alto,1289783.83697121,6.04,ESP,Ingreso Alto,1461244.90185269,6.17,ESP,Ingreso Alto,1446498.14774903,5.56,ESP,Ingreso Alto,1620090.73495689,5.84
Estonia,EST,Ingreso Alto,31873.7487700313,0.15,EST,Ingreso Alto,31820.7714938974,0.15,EST,Ingreso Alto,37204.56305147229,0.16,EST,Ingreso Alto,38376.046174971,0.15,EST,Ingreso Alto,41291.2452221948,0.15
Ethiopia,ETH,Países De Ingreso Bajo,95912.6077223032,0.45,ETH,Países De Ingreso Bajo,107657.734392446,0.5,ETH,Países De Ingreso Bajo,111261.882958426,0.47,ETH,Países De Ingreso Bajo,126772.703047701,0.49,ETH,Países De Ingreso Bajo,163697.927593982,0.59
Finland,FIN,Ingreso Alto,267014.821129411,1.24,FIN,Ingreso Alto,270000.311606226,1.26,FIN,Ingreso Alto,294223.210496119,1.24,FIN,Ingreso Alto,280241.51577432,1.08,FIN,Ingreso Alto,295532.34125490696,1.07
Fiji,FJI,Ingreso Mediano Alto,5444.40721431758,0.03,FJI,Ingreso Mediano Alto,4432.46623709588,0.02,FJI,Ingreso Mediano Alto,4305.03163081808,0.02,FJI,Ingreso Mediano Alto,4969.503560773501,0.02,FJI,Ingreso Mediano Alto,5442.04656504719,0.02
France,FRA,Ingreso Alto,2722793.51517176,12.64,FRA,Ingreso Alto,2647926.05511005,12.4,FRA,Ingreso Alto,2966433.6920080897,12.53,FRA,Ingreso Alto,2796302.21039884,10.75,FRA,Ingreso Alto,3051831.61138476,11.01
Faroe Islands,FRO,Ingreso Alto,3266.43273422819,0.02,FRO,Ingreso Alto,3271.8133115831,0.02,FRO,Ingreso Alto,3664.68679662669,0.02,FRO,Ingreso Alto,3566.6983976602,0.01,FRO,Ingreso Alto,3907.32396133964,0.01
Micronesia (Federated States Of),FSM,Países De Ingreso Mediano Bajo,394.0,0.0,FSM,Países De Ingreso Mediano Bajo,372.0,0.0,FSM,Países De Ingreso Mediano Bajo,390.0,0.0,FSM,Países De Ingreso Mediano Bajo,430.0,0.0,FSM,Países De Ingreso Mediano Bajo,460.0,0.0
Gabon,GAB,Ingreso Mediano Alto,16874.405465391003,0.08,GAB,Ingreso Mediano Alto,15342.2361639864,0.07,GAB,Ingreso Mediano Alto,19444.935097239497,0.08,GAB,Ingreso Mediano Alto,20440.6556951804,0.08,GAB,Ingreso Mediano Alto,19388.4025416698,0.07
United Kingdom Of Great Britain And Northern Ireland,GBR,Ingreso Alto,2851407.1649078103,13.24,GBR,Ingreso Alto,2696778.3866076497,12.63,GBR,Ingreso Alto,3143323.05070726,13.27,GBR,Ingreso Alto,3114042.4711443903,11.97,GBR,Ingreso Alto,3380854.52080954,12.2
Georgia,GEO,Ingreso Mediano Alto,17638.3371169126,0.08,GEO,Ingreso Mediano Alto,16010.86921568,0.07,GEO,Ingreso Mediano Alto,18853.1155888106,0.08,GEO,Ingreso Mediano Alto,24984.568959605,0.1,GEO,Ingreso Mediano Alto,30777.8335854441,0.11
Ghana,GHA,Países De Ingreso Mediano Bajo,68337.9692477067,0.32,GHA,Países De Ingreso Mediano Bajo,70043.09967567999,0.33,GHA,Países De Ingreso Mediano Bajo,79524.42186127431,0.34,GHA,Países De Ingreso Mediano Bajo,74263.3640418742,0.29,GHA,Países De Ingreso Mediano Bajo,76370.39672215401,0.28
Gibraltar,GIB,Ingreso Alto,0.0,0.0,GIB,Ingreso Alto,0.0,0.0,GIB,Ingreso Alto,0.0,0.0,GIB,Ingreso Alto,0.0,0.0,GIB,Ingreso Alto,0.0,0.0
Guinea,GIN,Países De Ingreso Mediano Bajo,13442.8614964454,0.06,GIN,Países De Ingreso Mediano Bajo,14088.6937429464,0.07,GIN,Países De Ingreso Mediano Bajo,17069.115737825898,0.07,GIN,Países De Ingreso Mediano Bajo,19910.452541921903,0.08,GIN,Países De Ingreso Mediano Bajo,22199.4097412578,0.08
Gambia,GMB,Países De Ingreso Bajo,1813.60969249994,0.01,GMB,Países De Ingreso Bajo,1812.17089119069,0.01,GMB,Países De Ingreso Bajo,2014.15884214596,0.01,GMB,Países De Ingreso Bajo,2204.73452788096,0.01,GMB,Países De Ingreso Bajo,2396.11102164149,0.01
Guinea-Bissau,GNB,Países De Ingreso Bajo,1588.63885359328,0.01,GNB,Países De Ingreso Bajo,1646.40034984867,0.01,GNB,Países De Ingreso Bajo,1853.79645589489,0.01,GNB,Países De Ingreso Bajo,1796.60853082267,0.01,GNB,Países De Ingreso Bajo,2048.34810835852,0.01
Equatorial Guinea,GNQ,Ingreso Mediano Alto,11364.1335497478,0.05,GNQ,Ingreso Mediano Alto,9893.8160077398,0.05,GNQ,Ingreso Mediano Alto,12215.8780327166,0.05,GNQ,Ingreso Mediano Alto,13687.6434356249,0.05,GNQ,Ingreso Mediano Alto,12337.550583754,0.04
Greece,GRC,Ingreso Alto,207305.649887019,0.96,GRC,Ingreso Alto,191362.985554861,0.9,GRC,Ingreso Alto,218303.801895326,0.92,GRC,Ingreso Alto,218880.566444349,0.84,GRC,Ingreso Alto,243498.333237802,0.88
Grenada,GRD,Ingreso Mediano Alto,1213.48518518519,0.01,GRD,Ingreso Mediano Alto,1043.41111111111,0.0,GRD,Ingreso Mediano Alto,1122.8,0.0,GRD,Ingreso Mediano Alto,1224.57777777778,0.0,GRD,Ingreso Mediano Alto,1316.73333333333,0.0
Greenland,GRL,Ingreso Alto,2997.3099718762296,0.01,GRL,Ingreso Alto,3082.8846532456,0.01,GRL,Ingreso Alto,3235.8095042987097,0.01,GRL,Ingreso Alto,0.0,0.0,GRL,Ingreso Alto,0.0,0.0
Guatemala,GTM,Ingreso Mediano Alto,77172.3172586478,0.36,GTM,Ingreso Mediano Alto,77719.46422072999,0.36,GTM,Ingreso Mediano Alto,86478.8356363813,0.37,GTM,Ingreso Mediano Alto,95630.524813106,0.37,GTM,Ingreso Mediano Alto,104450.210572012,0.38
Guam,GUM,Ingreso Alto,6355.0,0.03,GUM,Ingreso Alto,5916.0,0.03,GUM,Ingreso Alto,6234.0,0.03,GUM,Ingreso Alto,6910.0,0.03,GUM,Ingreso Alto,0.0,0.0
Guyana,GUY,Ingreso Alto,5173.760191846521,0.02,GUY,Ingreso Alto,5471.25659472422,0.03,GUY,Ingreso Alto,8041.36389304556,0.03,GUY,Ingreso Alto,14718.3870167866,0.06,GUY,Ingreso Alto,17159.5095654676,0.06
Hong Kong,HKG,Ingreso Alto,363074.54507238895,1.69,HKG,Ingreso Alto,344943.149590058,1.62,HKG,Ingreso Alto,368954.169748818,1.56,HKG,Ingreso Alto,358681.066274469,1.38,HKG,Ingreso Alto,380812.234827832,1.37
Honduras,HND,Países De Ingreso Mediano Bajo,24882.2257418119,0.12,HND,Países De Ingreso Mediano Bajo,23352.232483755,0.11,HND,Países De Ingreso Mediano Bajo,28144.331506614897,0.12,HND,Países De Ingreso Mediano Bajo,31426.0418067985,0.12,HND,Países De Ingreso Mediano Bajo,34400.5098520436,0.12
Croatia,HRV,Ingreso Alto,61467.58219368241,0.29,HRV,Ingreso Alto,57963.37088507981,0.27,HRV,Ingreso Alto,69006.8022986956,0.29,HRV,Ingreso Alto,71198.6351019514,0.27,HRV,Ingreso Alto,84393.7955024421,0.3
Haiti,HTI,Países De Ingreso Mediano Bajo,15016.0909295125,0.07,HTI,Países De Ingreso Mediano Bajo,14508.2225183018,0.07,HTI,Países De Ingreso Mediano Bajo,20877.4149526375,0.09,HTI,Países De Ingreso Mediano Bajo,20253.551920551603,0.08,HTI,Países De Ingreso Mediano Bajo,19850.8297575418,0.07
Hungary,HUN,Ingreso Alto,164020.460331659,0.76,HUN,Ingreso Alto,157288.955508176,0.74,HUN,Ingreso Alto,182109.99947769105,0.77,HUN,Ingreso Alto,177006.12862462702,0.68,HUN,Ingreso Alto,212388.906458724,0.77
Indonesia,IDN,Ingreso Mediano Alto,1119099.87138579,5.2,IDN,Ingreso Mediano Alto,1059054.84271155,4.96,IDN,Ingreso Mediano Alto,1186509.69107097,5.01,IDN,Ingreso Mediano Alto,1319076.26729151,5.07,IDN,Ingreso Mediano Alto,1371171.15233116,4.95
Isle Of Man,IMN,Ingreso Alto,7314.96786628289,0.03,IMN,Ingreso Alto,6684.22564102564,0.03,IMN,Ingreso Alto,7931.19322206405,0.03,IMN,Ingreso Alto,0.0,0.0,IMN,Ingreso Alto,0.0,0.0
India,IND,Países De Ingreso Mediano Bajo,2835606.25655819,13.16,IND,Países De Ingreso Mediano Bajo,2674851.57858727,12.53,IND,Países De Ingreso Mediano Bajo,3167270.62326047,13.37,IND,Países De Ingreso Mediano Bajo,3353470.49688633,12.89,IND,Países De Ingreso Mediano Bajo,3567551.6746230097,12.87
Ireland,IRL,Ingreso Alto,407124.824064995,1.89,IRL,Ingreso Alto,436555.518400451,2.04,IRL,Ingreso Alto,531306.516907984,2.24,IRL,Ingreso Alto,548570.250341987,2.11,IRL,Ingreso Alto,551394.889339778,1.99
Iran (Islamic Republic Of),IRN,Ingreso Mediano Alto,333519.146339191,1.55,IRN,Ingreso Mediano Alto,262186.179355944,1.23,IRN,Ingreso Mediano Alto,383436.202446695,1.62,IRN,Ingreso Mediano Alto,394362.62179303495,1.52,IRN,Ingreso Mediano Alto,404625.655204619,1.46
Iraq,IRQ,Ingreso Mediano Alto,233636.097800338,1.08,IRQ,Ingreso Mediano Alto,180898.797516874,0.85,IRQ,Ingreso Mediano Alto,209691.945713103,0.89,IRQ,Ingreso Mediano Alto,286640.34096551704,1.1,IRQ,Ingreso Mediano Alto,250842.782139464,0.9
Iceland,ISL,Ingreso Alto,24681.3436492952,0.11,ISL,Ingreso Alto,21629.9531940659,0.1,ISL,Ingreso Alto,25825.287184381803,0.11,ISL,Ingreso Alto,28770.2066265564,0.11,ISL,Ingreso Alto,31325.1165563807,0.11
Israel,ISR,Ingreso Alto,399651.06519787095,1.86,ISR,Ingreso Alto,411728.563086632,1.93,ISR,Ingreso Alto,489708.27889305295,2.07,ISR,Ingreso Alto,525000.4152766779,2.02,ISR,Ingreso Alto,513611.100815691,1.85
Italy,ITA,Ingreso Alto,2019606.79658353,9.38,ITA,Ingreso Alto,1907481.09407923,8.93,ITA,Ingreso Alto,2179207.7735960903,9.2,ITA,Ingreso Alto,2102995.94272044,8.09,ITA,Ingreso Alto,2300941.15299181,8.3
Jamaica,JAM,Ingreso Mediano Alto,15830.7665707266,0.07,JAM,Ingreso Mediano Alto,13812.4218034084,0.06,JAM,Ingreso Mediano Alto,14657.5861270331,0.06,JAM,Ingreso Mediano Alto,17097.7607239201,0.07,JAM,Ingreso Mediano Alto,19423.3554092316,0.07
Jordan,JOR,Países De Ingreso Mediano Bajo,44503.0063380282,0.21,JOR,Países De Ingreso Mediano Bajo,43700.3830985916,0.2,JOR,Países De Ingreso Mediano Bajo,46296.1001408451,0.2,JOR,Países De Ingreso Mediano Bajo,48764.9633802817,0.19,JOR,Países De Ingreso Mediano Bajo,50967.4753521127,0.18
Japan,JPN,Ingreso Alto,5117993.85301651,23.76,JPN,Ingreso Alto,5055587.09350159,23.68,JPN,Ingreso Alto,5034620.78458498,21.26,JPN,Ingreso Alto,4256410.76072375,16.37,JPN,Ingreso Alto,4204494.80243155,15.17
Kazakhstan,KAZ,Ingreso Mediano Alto,181667.184854501,0.84,KAZ,Ingreso Mediano Alto,171082.365861423,0.8,KAZ,Ingreso Mediano Alto,197112.255360612,0.83,KAZ,Ingreso Mediano Alto,225496.328925494,0.87,KAZ,Ingreso Mediano Alto,262641.892078524,0.95
Kenya,KEN,Países De Ingreso Mediano Bajo,100378.436207371,0.47,KEN,Países De Ingreso Mediano Bajo,100657.505750545,0.47,KEN,Países De Ingreso Mediano Bajo,109703.658904994,0.46,KEN,Países De Ingreso Mediano Bajo,114448.978152637,0.44,KEN,Países De Ingreso Mediano Bajo,108038.588970595,0.39
Kyrgyzstan,KGZ,Países De Ingreso Mediano Bajo,9371.27526436735,0.04,KGZ,Países De Ingreso Mediano Bajo,8270.46861424051,0.04,KGZ,Países De Ingreso Mediano Bajo,9249.13394626531,0.04,KGZ,Países De Ingreso Mediano Bajo,12134.9310179465,0.05,KGZ,Países De Ingreso Mediano Bajo,13987.6279088381,0.05
Cambodia,KHM,Países De Ingreso Mediano Bajo,36685.3564077206,0.17,KHM,Países De Ingreso Mediano Bajo,34818.0739014851,0.16,KHM,Países De Ingreso Mediano Bajo,36790.1636874421,0.16,KHM,Países De Ingreso Mediano Bajo,39994.5329596074,0.15,KHM,Países De Ingreso Mediano Bajo,42335.6468957984,0.15
Kiribati,KIR,Países De Ingreso Mediano Bajo,216.985362338171,0.0,KIR,Países De Ingreso Mediano Bajo,223.123620597516,0.0,KIR,Países De Ingreso Mediano Bajo,289.33929215730103,0.0,KIR,Países De Ingreso Mediano Bajo,270.841698369345,0.0,KIR,Países De Ingreso Mediano Bajo,279.208903337644,0.0
Saint Kitts And Nevis,KNA,Ingreso Alto,1107.8555555555602,0.01,KNA,Ingreso Alto,883.922222222222,0.0,KNA,Ingreso Alto,858.6222222222219,0.0,KNA,Ingreso Alto,981.42962962963,0.0,KNA,Ingreso Alto,1055.49977777778,0.0
"Korea, Republic Of",KOR,Ingreso Alto,1651422.93244777,7.67,KOR,Ingreso Alto,1644312.83190617,7.7,KOR,Ingreso Alto,1818432.10688004,7.68,KOR,Ingreso Alto,1673916.51179971,6.44,KOR,Ingreso Alto,1712792.8542023702,6.18
Kuwait,KWT,Ingreso Alto,140856.39487001998,0.65,KWT,Ingreso Alto,111045.470461207,0.52,KWT,Ingreso Alto,148459.291453471,0.63,KWT,Ingreso Alto,183940.21506517095,0.71,KWT,Ingreso Alto,163704.87887585,0.59
Lao People'S Democratic Republic,LAO,Países De Ingreso Mediano Bajo,18740.5615125555,0.09,LAO,Países De Ingreso Mediano Bajo,18981.8052502424,0.09,LAO,Países De Ingreso Mediano Bajo,18827.1485309347,0.08,LAO,Países De Ingreso Mediano Bajo,15468.7852037532,0.06,LAO,Países De Ingreso Mediano Bajo,15843.1557312552,0.06
Lebanon,LBN,Países De Ingreso Mediano Bajo,51605.9591312741,0.24,LBN,Países De Ingreso Mediano Bajo,31712.1282537961,0.15,LBN,Países De Ingreso Mediano Bajo,23131.941556784303,0.1,LBN,Países De Ingreso Mediano Bajo,20992.4219488081,0.08,LBN,Países De Ingreso Mediano Bajo,0.0,0.0
Liberia,LBR,Países De Ingreso Bajo,3319.5965,0.02,LBR,Países De Ingreso Bajo,3176.1263,0.01,LBR,Países De Ingreso Bajo,3513.0495,0.01,LBR,Países De Ingreso Bajo,4001.047,0.02,LBR,Países De Ingreso Bajo,4240.0,0.02
Libya,LBY,Ingreso Mediano Alto,69254.4964716938,0.32,LBY,Ingreso Mediano Alto,46854.285440642,0.22,LBY,Ingreso Mediano Alto,35217.9956472862,0.15,LBY,Ingreso Mediano Alto,43246.2979218499,0.17,LBY,Ingreso Mediano Alto,45096.4629724014,0.16
Saint Lucia,LCA,Ingreso Mediano Alto,2095.37037037037,0.01,LCA,Ingreso Mediano Alto,1499.2962962963,0.01,LCA,Ingreso Mediano Alto,1867.18518518518,0.01,LCA,Ingreso Mediano Alto,2342.7037037037003,0.01,LCA,Ingreso Mediano Alto,2430.14814814815,0.01
Liechtenstein,LIE,Ingreso Alto,6436.46700711932,0.03,LIE,Ingreso Alto,6405.870210322931,0.03,LIE,Ingreso Alto,7710.38008592257,0.03,LIE,Ingreso Alto,7361.50443219331,0.03,LIE,Ingreso Alto,0.0,0.0
Sri Lanka,LKA,Países De Ingreso Mediano Bajo,89014.9783441404,0.41,LKA,Países De Ingreso Mediano Bajo,84304.2987705329,0.39,LKA,Países De Ingreso Mediano Bajo,88609.32490197741,0.37,LKA,Países De Ingreso Mediano Bajo,74144.87002342439,0.29,LKA,Países De Ingreso Mediano Bajo,84356.8637436335,0.3
Lesotho,LSO,Países De Ingreso Mediano Bajo,2390.7022958277703,0.01,LSO,Países De Ingreso Mediano Bajo,2053.69987007191,0.01,LSO,Países De Ingreso Mediano Bajo,2412.1300565585098,0.01,LSO,Países De Ingreso Mediano Bajo,2354.6830887199503,0.01,LSO,Países De Ingreso Mediano Bajo,2117.96245079469,0.01
Lithuania,LTU,Ingreso Alto,55122.066225796,0.26,LTU,Ingreso Alto,57412.0385332718,0.27,LTU,Ingreso Alto,67037.3210089679,0.28,LTU,Ingreso Alto,71033.88449978239,0.27,LTU,Ingreso Alto,79789.8774161681,0.29
Luxembourg,LUX,Ingreso Alto,69890.50532358419,0.32,LUX,Ingreso Alto,73699.36670021339,0.35,LUX,Ingreso Alto,85584.1059938746,0.36,LUX,Ingreso Alto,81641.8078657591,0.31,LUX,Ingreso Alto,85755.00612359759,0.31
Latvia,LVA,Ingreso Alto,33099.503950847,0.15,LVA,Ingreso Alto,33379.927434614896,0.16,LVA,Ingreso Alto,38185.1257329451,0.16,LVA,Ingreso Alto,38018.905782397,0.15,LVA,Ingreso Alto,42247.850064512495,0.15
Macao,MAC,Ingreso Alto,55082.2938441008,0.26,MAC,Ingreso Alto,25343.5259358358,0.12,MAC,Ingreso Alto,30969.334705051497,0.13,MAC,Ingreso Alto,24999.1134758368,0.1,MAC,Ingreso Alto,45803.06794040721,0.17
Saint Martin (French Part),MAF,Ingreso Alto,652.206037103874,0.0,MAF,Ingreso Alto,0.0,0.0,MAF,Ingreso Alto,649.206262847519,0.0,MAF,Ingreso Alto,0.0,0.0,MAF,Ingreso Alto,0.0,0.0
Morocco,MAR,Países De Ingreso Mediano Bajo,128920.266409458,0.6,MAR,Países De Ingreso Mediano Bajo,121353.645057144,0.57,MAR,Países De Ingreso Mediano Bajo,142022.058447231,0.6,MAR,Países De Ingreso Mediano Bajo,130951.926351241,0.5,MAR,Países De Ingreso Mediano Bajo,144417.103249646,0.52
Monaco,MCO,Ingreso Alto,7383.49625423721,0.03,MCO,Ingreso Alto,6730.7362827896095,0.03,MCO,Ingreso Alto,8623.242743295641,0.04,MCO,Ingreso Alto,8800.43048617137,0.03,MCO,Ingreso Alto,9995.35054712166,0.04
"Moldova, Republic Of",MDA,Ingreso Mediano Alto,11736.7970546965,0.05,MDA,Ingreso Mediano Alto,11530.7462344492,0.05,MDA,Ingreso Mediano Alto,13691.8692640794,0.06,MDA,Ingreso Mediano Alto,14510.4906602516,0.06,MDA,Ingreso Mediano Alto,16539.436547295,0.06
Madagascar,MDG,Países De Ingreso Bajo,14104.6646785063,0.07,MDG,Países De Ingreso Bajo,13051.4412039474,0.06,MDG,Países De Ingreso Bajo,14554.7541165427,0.06,MDG,Países De Ingreso Bajo,15134.7002030497,0.06,MDG,Países De Ingreso Bajo,15790.1132467478,0.06
Maldives,MDV,Ingreso Mediano Alto,5726.094799377091,0.03,MDV,Ingreso Mediano Alto,3712.6045833666494,0.02,MDV,Ingreso Mediano Alto,5252.45736955218,0.02,MDV,Ingreso Mediano Alto,6177.11811394637,0.02,MDV,Ingreso Mediano Alto,6590.8943019579,0.02
Mexico,MEX,Ingreso Mediano Alto,1304106.2036948102,6.05,MEX,Ingreso Mediano Alto,1121064.76726188,5.25,MEX,Ingreso Mediano Alto,1316569.46693259,5.56,MEX,Ingreso Mediano Alto,1464312.69233158,5.63,MEX,Ingreso Mediano Alto,1789114.43484346,6.45
Marshall Islands,MHL,Ingreso Mediano Alto,232.9,0.0,MHL,Ingreso Mediano Alto,241.8,0.0,MHL,Ingreso Mediano Alto,258.9,0.0,MHL,Ingreso Mediano Alto,253.4,0.0,MHL,Ingreso Mediano Alto,259.3,0.0
North Macedonia,MKD,Ingreso Mediano Alto,12606.338448547,0.06,MKD,Ingreso Mediano Alto,12361.0369138409,0.06,MKD,Ingreso Mediano Alto,14000.2838270154,0.06,MKD,Ingreso Mediano Alto,13932.4365500883,0.05,MKD,Ingreso Mediano Alto,15763.621848115,0.06
Mali,MLI,Países De Ingreso Bajo,17280.2508100321,0.08,MLI,Países De Ingreso Bajo,17465.3927643706,0.08,MLI,Países De Ingreso Bajo,19309.4635080377,0.08,MLI,Países De Ingreso Bajo,18780.3222037584,0.07,MLI,Países De Ingreso Bajo,20661.7945960873,0.07
Malta,MLT,Ingreso Alto,16337.7935307788,0.08,MLT,Ingreso Alto,16385.9195356742,0.08,MLT,Ingreso Alto,19718.565605433,0.08,MLT,Ingreso Alto,19209.9799752323,0.07,MLT,Ingreso Alto,22328.640241555306,0.08
Myanmar,MMR,Países De Ingreso Mediano Bajo,75065.10622768919,0.35,MMR,Países De Ingreso Mediano Bajo,79006.11364319059,0.37,MMR,Países De Ingreso Mediano Bajo,66345.2911601683,0.28,MMR,Países De Ingreso Mediano Bajo,62253.0498916449,0.24,MMR,Países De Ingreso Mediano Bajo,66757.619,0.24
Montenegro,MNE,Ingreso Mediano Alto,5542.05418112616,0.03,MNE,Ingreso Mediano Alto,4769.99686600758,0.02,MNE,Ingreso Mediano Alto,5861.427505124931,0.02,MNE,Ingreso Mediano Alto,6229.80158079157,0.02,MNE,Ingreso Mediano Alto,7530.59337522034,0.03
Mongolia,MNG,Ingreso Mediano Alto,14206.3590175143,0.07,MNG,Ingreso Mediano Alto,13312.9814290891,0.06,MNG,Ingreso Mediano Alto,15286.4417376686,0.06,MNG,Ingreso Mediano Alto,17146.471713748,0.07,MNG,Ingreso Mediano Alto,20325.1213939074,0.07
Northern Mariana Islands,MNP,Ingreso Alto,1179.0,0.01,MNP,Ingreso Alto,866.0,0.0,MNP,Ingreso Alto,914.0,0.0,MNP,Ingreso Alto,1096.0,0.0,MNP,Ingreso Alto,0.0,0.0
Mozambique,MOZ,Países De Ingreso Bajo,15512.759046672,0.07,MOZ,Países De Ingreso Bajo,14235.4201741884,0.07,MOZ,Países De Ingreso Bajo,16168.0554754449,0.07,MOZ,Países De Ingreso Bajo,18883.5285813734,0.07,MOZ,Países De Ingreso Bajo,20954.220983547297,0.08
Mauritania,MRT,Países De Ingreso Mediano Bajo,7894.76488582312,0.04,MRT,Países De Ingreso Mediano Bajo,8260.75238523089,0.04,MRT,Países De Ingreso Mediano Bajo,9222.53636401272,0.04,MRT,Países De Ingreso Mediano Bajo,9557.966698253693,0.04,MRT,Países De Ingreso Mediano Bajo,10651.7094114594,0.04
Mauritius,MUS,Ingreso Mediano Alto,14436.3469796355,0.07,MUS,Ingreso Mediano Alto,11408.1064463144,0.05,MUS,Ingreso Mediano Alto,11484.3488578529,0.05,MUS,Ingreso Mediano Alto,12927.9792860453,0.05,MUS,Ingreso Mediano Alto,14644.5248190054,0.05
Malawi,MWI,Países De Ingreso Bajo,11051.8655798121,0.05,MWI,Países De Ingreso Bajo,11769.3135978545,0.06,MWI,Países De Ingreso Bajo,12378.1297509872,0.05,MWI,Países De Ingreso Bajo,12429.060150742,0.05,MWI,Países De Ingreso Bajo,12712.1500820792,0.05
Malaysia,MYS,Ingreso Mediano Alto,365177.721021516,1.7,MYS,Ingreso Mediano Alto,337456.163961211,1.58,MYS,Ingreso Mediano Alto,373784.823672946,1.58,MYS,Ingreso Mediano Alto,407605.841348235,1.57,MYS,Ingreso Mediano Alto,399705.169318477,1.44
Namibia,NAM,Ingreso Mediano Alto,12541.92830348,0.06,NAM,Ingreso Mediano Alto,10583.748541525802,0.05,NAM,Ingreso Mediano Alto,12402.4861836396,0.05,NAM,Ingreso Mediano Alto,12567.2710046761,0.05,NAM,Ingreso Mediano Alto,12351.0250669131,0.04
New Caledonia,NCL,Ingreso Alto,9475.655324594947,0.04,NCL,Ingreso Alto,9454.62946791408,0.04,NCL,Ingreso Alto,10071.3496638484,0.04,NCL,Ingreso Alto,9623.318718314593,0.04,NCL,Ingreso Alto,0.0,0.0
Niger,NER,Países De Ingreso Bajo,12889.5555612299,0.06,NER,Países De Ingreso Bajo,13744.653103058,0.06,NER,Países De Ingreso Bajo,14915.002436069,0.06,NER,Países De Ingreso Bajo,15433.8527122963,0.06,NER,Países De Ingreso Bajo,16819.1704205653,0.06
Nigeria,NGA,Países De Ingreso Mediano Bajo,474517.490844461,2.2,NGA,Países De Ingreso Mediano Bajo,432198.898467795,2.02,NGA,Países De Ingreso Mediano Bajo,440833.63587382704,1.86,NGA,Países De Ingreso Mediano Bajo,477403.400101174,1.84,NGA,Países De Ingreso Mediano Bajo,363846.332834618,1.31
Nicaragua,NIC,Países De Ingreso Mediano Bajo,12699.028889666,0.06,NIC,Países De Ingreso Mediano Bajo,12681.5692542815,0.06,NIC,Países De Ingreso Mediano Bajo,14144.0608531362,0.06,NIC,Países De Ingreso Mediano Bajo,15649.8971168965,0.06,NIC,Países De Ingreso Mediano Bajo,17829.2182193591,0.06
Netherlands,NLD,Ingreso Alto,928903.005576469,4.31,NLD,Ingreso Alto,932560.86170117,4.37,NLD,Ingreso Alto,1054472.1234496,4.45,NLD,Ingreso Alto,1046540.79754864,4.02,NLD,Ingreso Alto,1154361.30539806,4.16
Norway,NOR,Ingreso Alto,408742.840909091,1.9,NOR,Ingreso Alto,367633.418886627,1.72,NOR,Ingreso Alto,503367.986030268,2.13,NOR,Ingreso Alto,593726.965415619,2.28,NOR,Ingreso Alto,485310.823603662,1.75
Nepal,NPL,Países De Ingreso Mediano Bajo,34186.1806990255,0.16,NPL,Países De Ingreso Mediano Bajo,33433.659301246604,0.16,NPL,Países De Ingreso Mediano Bajo,36924.8413942605,0.16,NPL,Países De Ingreso Mediano Bajo,41182.93960067,0.16,NPL,Países De Ingreso Mediano Bajo,40908.0733668455,0.15
Nauru,NRU,Ingreso Alto,124.871111377973,0.0,NRU,Ingreso Alto,124.530027301054,0.0,NRU,Ingreso Alto,175.513984500084,0.0,NRU,Ingreso Alto,156.80308730249598,0.0,NRU,Ingreso Alto,154.170289321861,0.0
New Zealand,NZL,Ingreso Alto,212846.907683439,0.99,NZL,Ingreso Alto,212697.53089756,1.0,NZL,Ingreso Alto,253644.079784977,1.07,NZL,Ingreso Alto,246733.522841353,0.95,NZL,Ingreso Alto,252175.506110168,0.91
Oman,OMN,Ingreso Alto,88060.8582574772,0.41,OMN,Ingreso Alto,75909.4928478544,0.36,OMN,Ingreso Alto,87323.7971391417,0.37,OMN,Ingreso Alto,111943.823146944,0.43,OMN,Ingreso Alto,108810.923276983,0.39
Pakistan,PAK,Países De Ingreso Mediano Bajo,320909.47277066903,1.49,PAK,Países De Ingreso Mediano Bajo,300425.609817981,1.41,PAK,Países De Ingreso Mediano Bajo,348516.64744514803,1.47,PAK,Países De Ingreso Mediano Bajo,374890.29566669394,1.44,PAK,Países De Ingreso Mediano Bajo,337912.301397727,1.22
Panama,PAN,Ingreso Alto,69778.9912,0.32,PAN,Ingreso Alto,57059.8465,0.27,PAN,Ingreso Alto,67396.3925,0.28,PAN,Ingreso Alto,76276.1167,0.29,PAN,Ingreso Alto,83318.1769,0.3
Peru,PER,Ingreso Mediano Alto,228346.006003648,1.06,PER,Ingreso Mediano Alto,201409.694755934,0.94,PER,Ingreso Mediano Alto,226354.27828088505,0.96,PER,Ingreso Mediano Alto,246488.757636211,0.95,PER,Ingreso Mediano Alto,267603.248655253,0.97
Philippines,PHL,Países De Ingreso Mediano Bajo,376823.402244928,1.75,PHL,Países De Ingreso Mediano Bajo,361751.145451597,1.69,PHL,Países De Ingreso Mediano Bajo,394087.35984811,1.66,PHL,Países De Ingreso Mediano Bajo,404353.369604631,1.55,PHL,Países De Ingreso Mediano Bajo,437146.372729942,1.58
Palau,PLW,Ingreso Alto,281.9415625,0.0,PLW,Ingreso Alto,258.99084375,0.0,PLW,Ingreso Alto,235.75290625,0.0,PLW,Ingreso Alto,255.5910625,0.0,PLW,Ingreso Alto,281.8490625,0.0
Papua New Guinea,PNG,Países De Ingreso Mediano Bajo,24750.626040591706,0.11,PNG,Países De Ingreso Mediano Bajo,23848.4478497467,0.11,PNG,Países De Ingreso Mediano Bajo,26109.413522308103,0.11,PNG,Países De Ingreso Mediano Bajo,31647.2777673976,0.12,PNG,Países De Ingreso Mediano Bajo,30729.2429194411,0.11
Poland,POL,Ingreso Alto,602683.77014488,2.8,POL,Ingreso Alto,605914.2379037419,2.84,POL,Ingreso Alto,689170.23066535,2.91,POL,Ingreso Alto,695607.470875276,2.67,POL,Ingreso Alto,809200.6977970881,2.92
Puerto Rico,PRI,Ingreso Alto,105126.4,0.49,PRI,Ingreso Alto,103130.9,0.48,PRI,Ingreso Alto,106426.6,0.45,PRI,Ingreso Alto,113567.2,0.44,PRI,Ingreso Alto,117902.3,0.43
Korea (Democratic People'S Republic Of),PRK,Países De Ingreso Bajo,0.0,0.0,PRK,Países De Ingreso Bajo,0.0,0.0,PRK,Países De Ingreso Bajo,0.0,0.0,PRK,Países De Ingreso Bajo,0.0,0.0,PRK,Países De Ingreso Bajo,0.0,0.0
Portugal,PRT,Ingreso Alto,240115.97006301905,1.11,PRT,Ingreso Alto,229618.77342257695,1.08,PRT,Ingreso Alto,256055.879091139,1.08,PRT,Ingreso Alto,256898.675068927,0.99,PRT,Ingreso Alto,289114.289663542,1.04
Paraguay,PRY,Ingreso Mediano Alto,37925.3383291494,0.18,PRY,Ingreso Mediano Alto,35432.1780681814,0.17,PRY,Ingreso Mediano Alto,39950.8999387482,0.17,PRY,Ingreso Mediano Alto,41952.9108580846,0.16,PRY,Ingreso Mediano Alto,42956.2635439482,0.15
"Palestine, State Of",PSE,Países De Ingreso Mediano Bajo,17133.5,0.08,PSE,Países De Ingreso Mediano Bajo,15531.7,0.07,PSE,Países De Ingreso Mediano Bajo,18109.0,0.08,PSE,Países De Ingreso Mediano Bajo,19165.5,0.07,PSE,Países De Ingreso Mediano Bajo,17420.8,0.06
French Polynesia,PYF,Ingreso Alto,6022.276196138711,0.03,PYF,Ingreso Alto,5792.54587080614,0.03,PYF,Ingreso Alto,6150.64064638319,0.03,PYF,Ingreso Alto,5814.661208905441,0.02,PYF,Ingreso Alto,0.0,0.0
Qatar,QAT,Ingreso Alto,176371.267689082,0.82,QAT,Ingreso Alto,144411.36334527,0.68,QAT,Ingreso Alto,179732.009554846,0.76,QAT,Ingreso Alto,235709.325708341,0.91,QAT,Ingreso Alto,213002.809330267,0.77
Romania,ROU,Ingreso Alto,251677.08253449496,1.17,ROU,Ingreso Alto,252033.792712145,1.18,ROU,Ingreso Alto,286578.196368297,1.21,ROU,Ingreso Alto,296354.358293475,1.14,ROU,Ingreso Alto,350775.85641518905,1.27
Russian Federation,RUS,Ingreso Alto,1693115.00270832,7.86,RUS,Ingreso Alto,1493075.89436214,6.99,RUS,Ingreso Alto,1843392.29373438,7.78,RUS,Ingreso Alto,2266029.24064534,8.71,RUS,Ingreso Alto,2021421.47603542,7.29
Rwanda,RWA,Países De Ingreso Bajo,10349.30038033,0.05,RWA,Países De Ingreso Bajo,10174.3873743478,0.05,RWA,Países De Ingreso Bajo,11069.280649645902,0.05,RWA,Países De Ingreso Bajo,13316.1608950447,0.05,RWA,Países De Ingreso Bajo,14097.7684721883,0.05
Saudi Arabia,SAU,Ingreso Alto,838564.8,3.89,SAU,Ingreso Alto,734271.2,3.44,SAU,Ingreso Alto,874156.0,3.69,SAU,Ingreso Alto,1108571.4666666698,4.26,SAU,Ingreso Alto,1067582.93333333,3.85
Sudan,SDN,Países De Ingreso Bajo,32338.0791652893,0.15,SDN,Países De Ingreso Bajo,27034.59375,0.13,SDN,Países De Ingreso Bajo,34229.5137749936,0.14,SDN,Países De Ingreso Bajo,51666.8753630963,0.2,SDN,Países De Ingreso Bajo,109265.503110904,0.39
Senegal,SEN,Países De Ingreso Mediano Bajo,23403.9959921354,0.11,SEN,Países De Ingreso Mediano Bajo,24530.5130377518,0.11,SEN,Países De Ingreso Mediano Bajo,27520.7841297508,0.12,SEN,Países De Ingreso Mediano Bajo,27619.4790596131,0.11,SEN,Países De Ingreso Mediano Bajo,30848.3330837055,0.11
Singapore,SGP,Ingreso Alto,376901.649222451,1.75,SGP,Ingreso Alto,349488.382610662,1.64,SGP,Ingreso Alto,434111.559282849,1.83,SGP,Ingreso Alto,498474.54098778,1.92,SGP,Ingreso Alto,501427.5000800591,1.81
Solomon Islands,SLB,Países De Ingreso Mediano Bajo,1619.1550173924,0.01,SLB,Países De Ingreso Mediano Bajo,1536.14581417007,0.01,SLB,Países De Ingreso Mediano Bajo,1522.7949130913998,0.01,SLB,Países De Ingreso Mediano Bajo,1566.36068610632,0.01,SLB,Países De Ingreso Mediano Bajo,1633.31940119414,0.01
Sierra Leone,SLE,Países De Ingreso Bajo,6523.57759038319,0.03,SLE,Países De Ingreso Bajo,6688.59475762129,0.03,SLE,Países De Ingreso Bajo,7165.21436764956,0.03,SLE,Países De Ingreso Bajo,7119.13732190082,0.03,SLE,Países De Ingreso Bajo,6411.86954628929,0.02
El Salvador,SLV,Ingreso Mediano Alto,26881.14,0.12,SLV,Ingreso Mediano Alto,24921.19,0.12,SLV,Ingreso Mediano Alto,29043.14,0.12,SLV,Ingreso Mediano Alto,31988.92,0.12,SLV,Ingreso Mediano Alto,34015.62,0.12
San Marino,SMR,Ingreso Alto,1616.23212512587,0.01,SMR,Ingreso Alto,1544.71449324409,0.01,SMR,Ingreso Alto,1855.39599976534,0.01,SMR,Ingreso Alto,1831.70057708904,0.01,SMR,Ingreso Alto,0.0,0.0
Somalia,SOM,Países De Ingreso Bajo,8655.023960002001,0.04,SOM,Países De Ingreso Bajo,8628.39371999922,0.04,SOM,Países De Ingreso Bajo,9483.99740425227,0.04,SOM,Países De Ingreso Bajo,10202.7672699603,0.04,SOM,Países De Ingreso Bajo,10968.5170900004,0.04
Serbia,SRB,Ingreso Mediano Alto,53864.6936645568,0.25,SRB,Ingreso Mediano Alto,55874.017668998,0.26,SRB,Ingreso Mediano Alto,66159.8840725308,0.28,SRB,Ingreso Mediano Alto,66797.564758339,0.26,SRB,Ingreso Mediano Alto,81342.6607523732,0.29
South Sudan,SSD,Países De Ingreso Bajo,0.0,0.0,SSD,Países De Ingreso Bajo,0.0,0.0,SSD,Países De Ingreso Bajo,0.0,0.0,SSD,Países De Ingreso Bajo,0.0,0.0,SSD,Países De Ingreso Bajo,0.0,0.0
Sao Tome And Principe,STP,Países De Ingreso Mediano Bajo,412.976082620705,0.0,STP,Países De Ingreso Mediano Bajo,471.229484607144,0.0,STP,Países De Ingreso Mediano Bajo,524.40245554816,0.0,STP,Países De Ingreso Mediano Bajo,540.809499189348,0.0,STP,Países De Ingreso Mediano Bajo,678.976264835436,0.0
Suriname,SUR,Ingreso Mediano Alto,4016.04057508796,0.02,SUR,Ingreso Mediano Alto,2911.80749620227,0.01,SUR,Ingreso Mediano Alto,3107.92319796954,0.01,SUR,Ingreso Mediano Alto,3791.6032000259,0.01,SUR,Ingreso Mediano Alto,3455.14628083975,0.01
Slovakia,SVK,Ingreso Alto,105843.498304094,0.49,SVK,Ingreso Alto,107732.602896441,0.5,SVK,Ingreso Alto,120592.216208386,0.51,SVK,Ingreso Alto,115928.615553286,0.45,SVK,Ingreso Alto,132908.33623429498,0.48
Slovenia,SVN,Ingreso Alto,53909.922735545,0.25,SVN,Ingreso Alto,53384.760135158096,0.25,SVN,Ingreso Alto,61529.280461092,0.26,SVN,Ingreso Alto,59927.7027462843,0.23,SVN,Ingreso Alto,69148.46841732081,0.25
Sweden,SWE,Ingreso Alto,532169.29416594,2.47,SWE,Ingreso Alto,545147.614972141,2.55,SWE,Ingreso Alto,637186.904843636,2.69,SWE,Ingreso Alto,579895.717343956,2.23,SWE,Ingreso Alto,584960.4757673199,2.11
Eswatini,SWZ,Países De Ingreso Mediano Bajo,4594.81814327624,0.02,SWZ,Países De Ingreso Mediano Bajo,4105.75686255271,0.02,SWZ,Países De Ingreso Mediano Bajo,4737.67157632851,0.02,SWZ,Países De Ingreso Mediano Bajo,4695.3727850814,0.02,SWZ,Países De Ingreso Mediano Bajo,4442.87578808505,0.02
Sint Maarten (Dutch Part),SXM,Ingreso Alto,1407.88044692737,0.01,SXM,Ingreso Alto,1236.42810055866,0.01,SXM,Ingreso Alto,1353.07106145251,0.01,SXM,Ingreso Alto,1537.0887150838,0.01,SXM,Ingreso Alto,1627.77694927374,0.01
Seychelles,SYC,Ingreso Alto,1868.69009673454,0.01,SYC,Ingreso Alto,1382.55175156908,0.01,SYC,Ingreso Alto,1487.17379480528,0.01,SYC,Ingreso Alto,2057.96851983091,0.01,SYC,Ingreso Alto,2141.45017113932,0.01
Syrian Arab Republic,SYR,Países De Ingreso Bajo,22583.0450600821,0.1,SYR,Países De Ingreso Bajo,12047.752036091,0.06,SYR,Países De Ingreso Bajo,14353.2056784991,0.06,SYR,Países De Ingreso Bajo,23622.8270795047,0.09,SYR,Países De Ingreso Bajo,0.0,0.0
Turks And Caicos Islands,TCA,Ingreso Alto,1177.28521172521,0.01,TCA,Ingreso Alto,774.653669315186,0.0,TCA,Ingreso Alto,1045.7824535755,0.0,TCA,Ingreso Alto,1228.79438295121,0.0,TCA,Ingreso Alto,1402.05439094734,0.01
Chad,TCD,Países De Ingreso Bajo,11314.9510917283,0.05,TCD,Países De Ingreso Bajo,10715.3960423343,0.05,TCD,Países De Ingreso Bajo,11779.9813328631,0.05,TCD,Países De Ingreso Bajo,12396.8075884082,0.05,TCD,Países De Ingreso Bajo,13149.3253623347,0.05
Togo,TGO,Países De Ingreso Bajo,6992.70010137188,0.03,TGO,Países De Ingreso Bajo,7400.28416778479,0.03,TGO,Países De Ingreso Bajo,8342.24364594438,0.04,TGO,Países De Ingreso Bajo,8169.47614895692,0.03,TGO,Países De Ingreso Bajo,9171.26183757103,0.03
Thailand,THA,Ingreso Mediano Alto,543976.691793886,2.53,THA,Ingreso Mediano Alto,500461.898480246,2.34,THA,Ingreso Mediano Alto,506256.4942973401,2.14,THA,Ingreso Mediano Alto,495645.21097275097,1.91,THA,Ingreso Mediano Alto,514968.699239005,1.86
Tajikistan,TJK,Países De Ingreso Mediano Bajo,8300.8135993084,0.04,TJK,Países De Ingreso Mediano Bajo,8133.9635506574205,0.04,TJK,Países De Ingreso Mediano Bajo,8937.805347139629,0.04,TJK,Países De Ingreso Mediano Bajo,10713.5252003998,0.04,TJK,Países De Ingreso Mediano Bajo,12060.6020088478,0.04
Turkmenistan,TKM,Ingreso Mediano Alto,45232.8571428571,0.21,TKM,Ingreso Mediano Alto,45818.0,0.21,TKM,Ingreso Mediano Alto,50007.428571428594,0.21,TKM,Ingreso Mediano Alto,58972.0,0.23,TKM,Ingreso Mediano Alto,60628.8571428571,0.22
Timor-Leste,TLS,Países De Ingreso Mediano Bajo,2032.5504,0.01,TLS,Países De Ingreso Mediano Bajo,2162.6192,0.01,TLS,Países De Ingreso Mediano Bajo,3624.8897,0.02,TLS,Países De Ingreso Mediano Bajo,3208.594,0.01,TLS,Países De Ingreso Mediano Bajo,2079.9169,0.01
Tonga,TON,Ingreso Mediano Alto,494.197841113077,0.0,TON,Ingreso Mediano Alto,496.85629576752,0.0,TON,Ingreso Mediano Alto,518.22801209129,0.0,TON,Ingreso Mediano Alto,518.180042241509,0.0,TON,Ingreso Mediano Alto,0.0,0.0
Trinidad And Tobago,TTO,Ingreso Alto,23775.659262573503,0.11,TTO,Ingreso Alto,20807.7161740546,0.1,TTO,Ingreso Alto,24496.397204717603,0.1,TTO,Ingreso Alto,30053.4460920128,0.12,TTO,Ingreso Alto,27372.2856979477,0.1
Tunisia,TUN,Países De Ingreso Mediano Bajo,41905.642418825,0.19,TUN,Países De Ingreso Mediano Bajo,42491.780918361,0.2,TUN,Países De Ingreso Mediano Bajo,46812.290143344,0.2,TUN,Países De Ingreso Mediano Bajo,44579.7610228993,0.17,TUN,Países De Ingreso Mediano Bajo,48529.5954166533,0.18
Turkey,TUR,Ingreso Mediano Alto,761005.9157509251,3.53,TUR,Ingreso Mediano Alto,720338.490327248,3.37,TUR,Ingreso Mediano Alto,819865.223976115,3.46,TUR,Ingreso Mediano Alto,907118.434653505,3.49,TUR,Ingreso Mediano Alto,1118252.96426077,4.03
Tuvalu,TUV,Ingreso Mediano Alto,54.1231985662913,0.0,TUV,Ingreso Mediano Alto,51.7465943148543,0.0,TUV,Ingreso Mediano Alto,60.1964057138393,0.0,TUV,Ingreso Mediano Alto,59.0659820873657,0.0,TUV,Ingreso Mediano Alto,62.2803115852172,0.0
"Tanzania, United Republic Of",TZA,Países De Ingreso Mediano Bajo,61026.7319259213,0.28,TZA,Países De Ingreso Mediano Bajo,66068.73778606391,0.31,TZA,Países De Ingreso Mediano Bajo,70655.6281478986,0.3,TZA,Países De Ingreso Mediano Bajo,75769.9745050106,0.29,TZA,Países De Ingreso Mediano Bajo,79062.403820892,0.29
Uganda,UGA,Países De Ingreso Bajo,35348.1550954215,0.16,UGA,Países De Ingreso Bajo,37600.3682416657,0.18,UGA,Países De Ingreso Bajo,40529.7887486737,0.17,UGA,Países De Ingreso Bajo,45565.3332109108,0.18,UGA,Países De Ingreso Bajo,48768.9558633175,0.18
Ukraine,UKR,Ingreso Mediano Alto,153883.047509577,0.71,UKR,Ingreso Mediano Alto,156617.72201334202,0.73,UKR,Ingreso Mediano Alto,199765.859570935,0.84,UKR,Ingreso Mediano Alto,161989.52072119,0.62,UKR,Ingreso Mediano Alto,178757.021965008,0.64
Uruguay,URY,Ingreso Alto,62222.3258070578,0.29,URY,Ingreso Alto,53668.6365678667,0.25,URY,Ingreso Alto,60760.7985955436,0.26,URY,Ingreso Alto,70164.6832903776,0.27,URY,Ingreso Alto,77240.8308774597,0.28
United States Of America,USA,Ingreso Alto,21539982.0,100.0,USA,Ingreso Alto,21354105.0,100.0,USA,Ingreso Alto,23681171.0,100.0,USA,Ingreso Alto,26006893.0,100.0,USA,Ingreso Alto,27720709.0,100.0
Uzbekistan,UZB,Países De Ingreso Mediano Bajo,67293.6397983996,0.31,UZB,Países De Ingreso Mediano Bajo,66443.2654183086,0.31,UZB,Países De Ingreso Mediano Bajo,77340.0600030347,0.33,UZB,Países De Ingreso Mediano Bajo,90095.9265674359,0.35,UZB,Países De Ingreso Mediano Bajo,101591.769702343,0.37
Saint Vincent And The Grenadines,VCT,Ingreso Mediano Alto,910.766666666667,0.0,VCT,Ingreso Mediano Alto,869.1111111111111,0.0,VCT,Ingreso Mediano Alto,872.2259259259259,0.0,VCT,Ingreso Mediano Alto,966.492592592592,0.0,VCT,Ingreso Mediano Alto,1065.96296296296,0.0
Venezuela (Bolivarian Republic Of),VEN,No Clasificado,0.0,0.0,VEN,No Clasificado,0.0,0.0,VEN,No Clasificado,0.0,0.0,VEN,No Clasificado,0.0,0.0,VEN,No Clasificado,0.0,0.0
Virgin Islands (British),VGB,Ingreso Alto,0.0,0.0,VGB,Ingreso Alto,0.0,0.0,VGB,Ingreso Alto,0.0,0.0,VGB,Ingreso Alto,0.0,0.0,VGB,Ingreso Alto,0.0,0.0
Virgin Islands (U.S.),VIR,Ingreso Alto,4121.0,0.02,VIR,Ingreso Alto,4229.0,0.02,VIR,Ingreso Alto,4507.0,0.02,VIR,Ingreso Alto,4672.0,0.02,VIR,Ingreso Alto,0.0,0.0
Viet Nam,VNM,Países De Ingreso Mediano Bajo,334365.270496667,1.55,VNM,Países De Ingreso Mediano Bajo,346615.738537796,1.62,VNM,Países De Ingreso Mediano Bajo,366474.752771009,1.55,VNM,Países De Ingreso Mediano Bajo,410324.028883325,1.58,VNM,Países De Ingreso Mediano Bajo,429716.969043572,1.55
Vanuatu,VUT,Países De Ingreso Mediano Bajo,936.526267622513,0.0,VUT,Países De Ingreso Mediano Bajo,909.421043508407,0.0,VUT,Países De Ingreso Mediano Bajo,950.394006532514,0.0,VUT,Países De Ingreso Mediano Bajo,1022.21929750335,0.0,VUT,Países De Ingreso Mediano Bajo,1126.3133592192298,0.0
Samoa,WSM,Países De Ingreso Mediano Bajo,912.950466064906,0.0,WSM,Países De Ingreso Mediano Bajo,868.8983582664371,0.0,WSM,Países De Ingreso Mediano Bajo,843.923638733018,0.0,WSM,Países De Ingreso Mediano Bajo,832.9452056371849,0.0,WSM,Países De Ingreso Mediano Bajo,938.189443830393,0.0
Yemen,YEM,Países De Ingreso Bajo,0.0,0.0,YEM,Países De Ingreso Bajo,0.0,0.0,YEM,Países De Ingreso Bajo,0.0,0.0,YEM,Países De Ingreso Bajo,0.0,0.0,YEM,Países De Ingreso Bajo,0.0,0.0
South Africa,ZAF,Ingreso Mediano Alto,389330.032224269,1.81,ZAF,Ingreso Mediano Alto,337974.655408055,1.58,ZAF,Ingreso Mediano Alto,420886.877628703,1.78,ZAF,Ingreso Mediano Alto,406920.004594074,1.56,ZAF,Ingreso Mediano Alto,380699.271814508,1.37
Zambia,ZMB,Países De Ingreso Mediano Bajo,23308.6677812258,0.11,ZMB,Países De Ingreso Mediano Bajo,18137.764930651,0.08,ZMB,Países De Ingreso Mediano Bajo,22096.4169320089,0.09,ZMB,Países De Ingreso Mediano Bajo,29163.7821404858,0.11,ZMB,Países De Ingreso Mediano Bajo,27577.956471244,0.1
Zimbabwe,ZWE,Países De Ingreso Mediano Bajo,25717.409842447894,0.12,ZWE,Países De Ingreso Mediano Bajo,26867.9364446826,0.13,ZWE,Países De Ingreso Mediano Bajo,27240.515108804902,0.12,ZWE,Países De Ingreso Mediano Bajo,32789.7517363323,0.13,ZWE,Países De Ingreso Mediano Bajo,35231.3678858554,0.13
