Rank,Country,2019_Rank,2019_Score,2019_country_code,2019_income_group,2019_total_gdp_million,2019_porcentaje,2020_Rank,2020_Score,2020_country_code,2020_income_group,2020_total_gdp_million,2020_porcentaje,2021_Rank,2021_Score,2021_country_code,2021_income_group,2021_total_gdp_million,2021_porcentaje,2022_Rank,2022_Score,2022_country_code,2022_income_group,2022_total_gdp_million,2022_porcentaje,2023_Rank,2023_Score,2023_country_code,2023_income_group,2023_total_gdp_million,2023_porcentaje,2024_Rank,2024_Score
0,Afghanistan,121.0,63.45,AFG,Países De Ingreso Bajo,18799.4444901128,0.09,122.0,62.3,AFG,Países De Ingreso Bajo,19955.9290521496,0.14,122.0,59.81,AFG,Países De Ingreso Bajo,14259.995441075898,0.06,156.0,38.27,AFG,Países De Ingreso Bajo,14497.2438721337,0.06,152.0,39.75,AFG,Países De Ingreso Bajo,17233.0516201117,0.06,178.0,19.09
1,Albania,82.0,70.16,ALB,Ingreso Mediano Alto,15585.1051310644,0.07,84.0,69.75,ALB,Ingreso Mediano Alto,15241.4587448688,0.1,83.0,69.41,ALB,Ingreso Mediano Alto,18032.0105637558,0.08,103.0,56.41,ALB,Ingreso Mediano Alto,19017.2425857803,0.07,96.0,57.86,ALB,Ingreso Mediano Alto,23547.1798304413,0.08,99.0,54.1
2,Algeria,141.0,54.25,DZA,Ingreso Mediano Alto,193459.662090677,0.9,146.0,54.48,DZA,Ingreso Mediano Alto,164873.415325201,1.12,146.0,52.74,DZA,Ingreso Mediano Alto,186231.205262082,0.79,134.0,45.53,DZA,Ingreso Mediano Alto,225638.456572143,0.87,136.0,45.74,DZA,Ingreso Mediano Alto,247626.161016414,0.89,139.0,41.98
3,Andorra,37.0,75.37,AND,Ingreso Alto,3155.14934780639,0.01,37.0,76.77,AND,Ingreso Alto,2891.0011493611,0.02,39.0,76.68,AND,Ingreso Alto,3324.647529381,0.01,53.0,68.79,AND,Ingreso Alto,3380.61257332922,0.01,37.0,75.05,AND,Ingreso Alto,3785.0673317625,0.01,72.0,61.44
4,Angola,109.0,65.04,AGO,Países De Ingreso Mediano Bajo,70897.96273202769,0.33,106.0,66.08,AGO,Países De Ingreso Mediano Bajo,48501.561203568606,0.33,103.0,65.94,AGO,Países De Ingreso Mediano Bajo,66505.1299877235,0.28,99.0,57.17,AGO,Países De Ingreso Mediano Bajo,104399.746853401,0.4,125.0,48.3,AGO,Países De Ingreso Mediano Bajo,84824.6544817249,0.31,104.0,52.44
5,Argentina,57.0,71.7,ARG,Ingreso Mediano Alto,447754.68361522496,2.08,64.0,71.22,ARG,Ingreso Mediano Alto,385740.508436965,2.63,69.0,71.01,ARG,Ingreso Mediano Alto,486564.085480036,2.05,29.0,77.28,ARG,Ingreso Mediano Alto,632790.0700631241,2.43,40.0,73.36,ARG,Ingreso Mediano Alto,646075.277525125,2.33,66.0,63.13
6,Armenia,61.0,71.02,ARM,Ingreso Mediano Alto,13619.2905392116,0.06,61.0,71.4,ARM,Ingreso Mediano Alto,12641.6985832152,0.09,63.0,71.17,ARM,Ingreso Mediano Alto,13878.9086289378,0.06,51.0,68.97,ARM,Ingreso Mediano Alto,19513.5065531251,0.08,48.0,70.61,ARM,Ingreso Mediano Alto,24085.7495923359,0.09,43.0,71.6
7,Australia,21.0,83.45,AUS,Ingreso Alto,1392723.83456264,6.47,26.0,79.79,AUS,Ingreso Alto,1328414.0583783798,9.04,25.0,80.21,AUS,Ingreso Alto,1556735.77043726,6.57,39.0,73.77,AUS,Ingreso Alto,1690858.24699443,6.5,27.0,78.24,AUS,Ingreso Alto,1728057.31669561,6.23,39.0,73.42
8,Austria,16.0,84.67,AUT,Ingreso Alto,442983.642371842,2.06,18.0,84.22,AUT,Ingreso Alto,434397.601557696,2.96,17.0,83.66,AUT,Ingreso Alto,480467.03733878303,2.03,31.0,76.74,AUT,Ingreso Alto,471773.62983038096,1.81,29.0,77.3,AUT,Ingreso Alto,511685.203845001,1.85,32.0,74.69
9,Azerbaijan,166.0,40.87,AZE,Ingreso Mediano Alto,48174.2352941176,0.22,168.0,41.52,AZE,Ingreso Mediano Alto,42693.0,0.29,167.0,41.23,AZE,Ingreso Mediano Alto,54825.4117647059,0.23,154.0,39.4,AZE,Ingreso Mediano Alto,78807.4705882353,0.3,151.0,39.93,AZE,Ingreso Mediano Alto,72356.1764705882,0.26,164.0,27.99
10,Bahrain,167.0,38.69,BHR,Ingreso Alto,40446.8085106383,0.19,169.0,39.87,BHR,Ingreso Alto,35837.6329787234,0.24,168.0,38.9,BHR,Ingreso Alto,40840.2127659574,0.17,167.0,30.97,BHR,Ingreso Alto,46680.3989361702,0.18,171.0,30.59,BHR,Ingreso Alto,46079.8670212766,0.17,173.0,23.21
11,Bangladesh,150.0,49.26,BGD,Países De Ingreso Mediano Bajo,351231.654603692,1.63,151.0,50.63,BGD,Países De Ingreso Mediano Bajo,373979.442362193,2.55,152.0,50.29,BGD,Países De Ingreso Mediano Bajo,416271.647911014,1.76,162.0,36.63,BGD,Países De Ingreso Mediano Bajo,460131.688909301,1.77,163.0,35.31,BGD,Países De Ingreso Mediano Bajo,437415.331040994,1.58,165.0,27.64
12,Belarus,153.0,48.34,BLR,Ingreso Mediano Alto,64410.1228473508,0.3,153.0,50.25,BLR,Ingreso Mediano Alto,61371.7553262351,0.42,158.0,49.18,BLR,Ingreso Mediano Alto,69673.74713187,0.29,153.0,39.62,BLR,Ingreso Mediano Alto,73775.179924603,0.28,157.0,37.17,BLR,Ingreso Mediano Alto,71857.38274560659,0.26,167.0,26.8
13,Belgium,9.0,87.93,BEL,Ingreso Alto,536726.344405489,2.49,12.0,87.43,BEL,Ingreso Alto,529694.473501791,3.61,11.0,88.31,BEL,Ingreso Alto,598494.036474409,2.53,23.0,78.86,BEL,Ingreso Alto,593438.820508173,2.28,31.0,76.47,BEL,Ingreso Alto,644782.756682756,2.33,16.0,81.49
14,Belize,53.0,72.5,BLZ,Ingreso Mediano Alto,2388.3,0.01,53.0,72.5,BLZ,Ingreso Mediano Alto,2042.85,0.01,53.0,72.39,BLZ,Ingreso Mediano Alto,2420.55,0.01,47.0,70.67,BLZ,Ingreso Mediano Alto,2846.7,0.01,51.0,70.49,BLZ,Ingreso Mediano Alto,3066.85,0.01,54.0,66.85
15,Benin,96.0,68.26,BEN,Países De Ingreso Mediano Bajo,14391.686309033,0.07,113.0,64.89,BEN,Países De Ingreso Mediano Bajo,15651.5452088783,0.11,114.0,61.82,BEN,Países De Ingreso Mediano Bajo,17690.0835199323,0.07,121.0,48.39,BEN,Países De Ingreso Mediano Bajo,17401.746309265498,0.07,112.0,52.44,BEN,Países De Ingreso Mediano Bajo,19676.0490757011,0.07,89.0,56.73
16,Bhutan,80.0,70.19,BTN,Países De Ingreso Mediano Bajo,2735.68357028851,0.01,67.0,71.1,BTN,Países De Ingreso Mediano Bajo,2457.6043341591503,0.02,65.0,71.14,BTN,Países De Ingreso Mediano Bajo,2768.80295960794,0.01,33.0,76.46,BTN,Países De Ingreso Mediano Bajo,2898.22774313545,0.01,90.0,59.25,BTN,Países De Ingreso Mediano Bajo,0.0,0.0,147.0,37.29
17,Bolivia,113.0,64.62,,,,,114.0,64.63,,,,,110.0,64.53,,,,,126.0,47.58,,,,,117.0,51.09,,,,,124.0,48.88
18,Bosnia and Herzegovina,63.0,70.98,,,,,58.0,71.49,,,,,58.0,71.66,,,,,67.0,65.64,,,,,64.0,65.43,,,,,81.0,58.85
19,Botswana,44.0,74.91,BWA,Ingreso Mediano Alto,16725.9081485481,0.08,39.0,76.44,BWA,Ingreso Mediano Alto,14960.2911059316,0.1,38.0,76.75,BWA,Ingreso Mediano Alto,18750.9466001423,0.08,95.0,58.49,BWA,Ingreso Mediano Alto,20321.958850036302,0.08,65.0,64.61,BWA,Ingreso Mediano Alto,19396.0844980084,0.07,79.0,59.78
20,Brazil,105.0,67.21,BRA,Ingreso Mediano Alto,1873288.20518645,8.7,107.0,65.95,BRA,Ingreso Mediano Alto,1476107.23119411,10.05,111.0,63.75,BRA,Ingreso Mediano Alto,1670647.39903467,7.05,110.0,55.36,BRA,Ingreso Mediano Alto,1951923.94208332,7.51,92.0,58.67,BRA,Ingreso Mediano Alto,2173665.65593727,7.84,82.0,58.59
21,Brunei,152.0,48.52,,,,,152.0,50.35,,,,,154.0,50.09,,,,,144.0,42.53,,,,,142.0,44.2,,,,,117.0,50.09
22,Bulgaria,111.0,64.89,BGR,Ingreso Alto,68631.72628927941,0.32,111.0,64.94,BGR,Ingreso Alto,70716.82123459669,0.48,112.0,62.71,BGR,Ingreso Alto,84417.9512608091,0.36,91.0,59.12,BGR,Ingreso Alto,90642.8518358996,0.35,71.0,62.98,BGR,Ingreso Alto,102407.653020606,0.37,59.0,65.32
23,Burkina Faso,36.0,75.47,BFA,Países De Ingreso Bajo,16032.8135033707,0.07,38.0,76.53,BFA,Países De Ingreso Bajo,17725.010532526798,0.12,37.0,76.83,BFA,Países De Ingreso Bajo,19697.5162843787,0.08,41.0,73.12,BFA,Países De Ingreso Bajo,18820.2186905948,0.07,58.0,67.64,BFA,Países De Ingreso Bajo,20324.6178445265,0.07,86.0,58.24
24,Burundi,159.0,47.11,BDI,Países De Ingreso Bajo,2576.5188798235304,0.01,160.0,44.67,BDI,Países De Ingreso Bajo,2649.68026144299,0.02,147.0,52.43,BDI,Países De Ingreso Bajo,2775.79869746022,0.01,107.0,55.74,BDI,Países De Ingreso Bajo,3338.72282765691,0.01,114.0,52.14,BDI,Países De Ingreso Bajo,2642.16166885211,0.01,108.0,51.78
25,Cambodia,143.0,54.1,KHM,Países De Ingreso Mediano Bajo,36685.3564077206,0.17,144.0,54.54,KHM,Países De Ingreso Mediano Bajo,34818.0739014851,0.24,144.0,53.16,KHM,Países De Ingreso Mediano Bajo,36790.1636874421,0.16,142.0,43.48,KHM,Países De Ingreso Mediano Bajo,39994.5329596074,0.15,147.0,42.02,KHM,Países De Ingreso Mediano Bajo,42335.6468957984,0.15,151.0,34.28
26,Cameroon,131.0,56.68,CMR,Países De Ingreso Mediano Bajo,39667.7575276578,0.18,134.0,56.72,CMR,Países De Ingreso Mediano Bajo,40773.2411770505,0.28,135.0,56.22,CMR,Países De Ingreso Mediano Bajo,45011.9373468384,0.19,118.0,49.1,CMR,Países De Ingreso Mediano Bajo,44347.2060725513,0.17,138.0,45.58,CMR,Países De Ingreso Mediano Bajo,49279.410982826,0.18,130.0,44.95
27,Canada,18.0,84.31,CAN,Ingreso Alto,1743725.18367252,8.1,16.0,84.71,CAN,Ingreso Alto,1655684.73000019,11.27,13.0,84.75,CAN,Ingreso Alto,2007472.1814641496,8.48,19.0,81.74,CAN,Ingreso Alto,2161483.36942201,8.31,15.0,83.53,CAN,Ingreso Alto,2142470.9144013603,7.73,14.0,81.7
28,Cape Verde,25.0,80.19,,,,,25.0,79.85,,,,,27.0,79.91,,,,,36.0,75.37,,,,,33.0,75.72,,,,,41.0,72.77
29,Central African Republic,145.0,52.73,CAF,Países De Ingreso Bajo,2221.30135143918,0.01,132.0,57.13,CAF,Países De Ingreso Bajo,2326.7209003804696,0.02,126.0,58.08,CAF,Países De Ingreso Bajo,2516.49841246384,0.01,101.0,56.96,CAF,Países De Ingreso Bajo,2382.61861501694,0.01,98.0,57.56,CAF,Países De Ingreso Bajo,2555.49208524831,0.01,76.0,60.12
30,Chad,122.0,63.29,TCD,Países De Ingreso Bajo,11314.9510917283,0.05,123.0,60.3,TCD,Países De Ingreso Bajo,10715.3960423343,0.07,123.0,59.8,TCD,Países De Ingreso Bajo,11779.9813328631,0.05,104.0,56.18,TCD,Países De Ingreso Bajo,12396.8075884082,0.05,109.0,53.73,TCD,Países De Ingreso Bajo,13149.3253623347,0.05,96.0,54.81
31,Chile,46.0,74.35,CHL,Ingreso Alto,278285.058719466,1.29,51.0,72.69,CHL,Ingreso Alto,254042.159309311,1.73,54.0,72.11,CHL,Ingreso Alto,315515.014838539,1.33,82.0,60.61,CHL,Ingreso Alto,302116.53940903005,1.16,83.0,60.09,CHL,Ingreso Alto,335533.331669219,1.21,52.0,67.32
32,China,177.0,21.08,CHN,Ingreso Mediano Alto,14279968.5062717,66.3,177.0,21.52,CHN,Ingreso Mediano Alto,14687744.162801,100.0,177.0,21.28,CHN,Ingreso Mediano Alto,17820459.5088522,75.25,175.0,25.17,CHN,Ingreso Mediano Alto,17881782.6837073,68.76,179.0,22.97,CHN,Ingreso Mediano Alto,17794783.039552,64.19,172.0,23.36
33,Colombia,129.0,57.18,COL,Ingreso Mediano Alto,323031.70119284,1.5,130.0,57.34,COL,Ingreso Mediano Alto,270348.342541465,1.84,134.0,56.26,COL,Ingreso Mediano Alto,318524.633225395,1.35,145.0,42.43,COL,Ingreso Mediano Alto,345329.875078512,1.33,139.0,45.23,COL,Ingreso Mediano Alto,363493.841244303,1.31,119.0,49.63
34,Comoros,56.0,72.09,COM,Países De Ingreso Mediano Bajo,1195.0195319011,0.01,75.0,70.23,COM,Países De Ingreso Mediano Bajo,1225.03919661091,0.01,84.0,69.35,COM,Países De Ingreso Mediano Bajo,1296.08947991978,0.01,83.0,60.16,COM,Países De Ingreso Mediano Bajo,1242.51940777603,0.0,75.0,62.25,COM,Países De Ingreso Mediano Bajo,1352.38097124055,0.0,71.0,61.47
35,Congo,117.0,63.96,COG,Países De Ingreso Mediano Bajo,13976.6377799763,0.06,118.0,63.44,COG,Países De Ingreso Mediano Bajo,11468.6874640046,0.08,118.0,61.17,COG,Países De Ingreso Mediano Bajo,14825.690210915702,0.06,93.0,58.64,COG,Países De Ingreso Mediano Bajo,15817.0301546941,0.06,81.0,60.42,COG,Países De Ingreso Mediano Bajo,15321.0558225167,0.06,69.0,62.57
36,Costa Rica,10.0,87.76,CRI,Ingreso Mediano Alto,64417.6705213545,0.3,7.0,89.47,CRI,Ingreso Mediano Alto,62395.6107600492,0.42,5.0,91.24,CRI,Ingreso Mediano Alto,64960.7257341965,0.27,8.0,85.92,CRI,Ingreso Mediano Alto,69243.6260285936,0.27,23.0,80.2,CRI,Ingreso Mediano Alto,86497.94143901739,0.31,26.0,76.13
37,Croatia,64.0,70.97,HRV,Ingreso Alto,61467.58219368241,0.29,59.0,71.49,HRV,Ingreso Alto,57963.37088507981,0.39,56.0,72.05,HRV,Ingreso Alto,69006.8022986956,0.29,48.0,70.42,HRV,Ingreso Alto,71198.6351019514,0.27,42.0,71.95,HRV,Ingreso Alto,84393.7955024421,0.3,48.0,68.79
38,Cuba,169.0,36.19,CUB,Ingreso Mediano Alto,103427.6,0.48,171.0,36.19,CUB,Ingreso Mediano Alto,107351.8,0.73,171.0,36.06,CUB,Ingreso Mediano Alto,0.0,0.0,173.0,27.32,CUB,Ingreso Mediano Alto,0.0,0.0,172.0,29.0,CUB,Ingreso Mediano Alto,0.0,0.0,168.0,25.63
39,Cyprus,28.0,78.26,CYP,Ingreso Alto,26196.6670995303,0.12,27.0,79.55,CYP,Ingreso Alto,25555.0938542968,0.17,26.0,80.15,CYP,Ingreso Alto,30372.874319628503,0.13,65.0,65.97,CYP,Ingreso Alto,30976.1768868521,0.12,55.0,68.62,CYP,Ingreso Alto,33886.9307123394,0.12,65.0,63.14
40,Czech Republic,40.0,75.11,,,,,40.0,76.43,,,,,40.0,76.62,,,,,20.0,80.54,,,,,14.0,83.58,,,,,17.0,80.14
41,DR Congo,154.0,48.29,,,,,150.0,50.91,,,,,149.0,51.41,,,,,125.0,47.66,,,,,124.0,48.55,,,,,123.0,48.91
42,Denmark,5.0,90.13,DNK,Ingreso Alto,345401.473012615,1.6,3.0,91.87,DNK,Ingreso Alto,355631.02193162096,2.42,4.0,91.43,DNK,Ingreso Alto,408378.204639999,1.72,2.0,90.27,DNK,Ingreso Alto,401945.576107963,1.55,3.0,89.48,DNK,Ingreso Alto,407091.920305404,1.47,2.0,89.6
43,Djibouti,173.0,28.64,DJI,Países De Ingreso Mediano Bajo,3088.85363856832,0.01,176.0,23.27,DJI,Países De Ingreso Mediano Bajo,3185.1509810320704,0.02,176.0,21.38,DJI,Países De Ingreso Mediano Bajo,3385.82522886997,0.01,164.0,35.75,DJI,Países De Ingreso Mediano Bajo,3674.29847907676,0.01,162.0,35.87,DJI,Países De Ingreso Mediano Bajo,4098.53051355777,0.01,161.0,30.14
44,Dominican Republic,55.0,72.1,DOM,Ingreso Mediano Alto,88941.3725582397,0.41,55.0,72.1,DOM,Ingreso Mediano Alto,78844.6562981776,0.54,50.0,74.4,DOM,Ingreso Mediano Alto,94243.4259383647,0.4,30.0,76.9,DOM,Ingreso Mediano Alto,113537.36817613,0.44,43.0,71.88,DOM,Ingreso Mediano Alto,121444.279313931,0.44,35.0,73.89
45,Ecuador,97.0,68.12,ECU,Ingreso Mediano Alto,107595.829,0.5,98.0,67.38,ECU,Ingreso Mediano Alto,95865.472,0.65,96.0,67.17,ECU,Ingreso Mediano Alto,107435.101,0.45,68.0,64.61,ECU,Ingreso Mediano Alto,116586.079,0.45,80.0,60.51,ECU,Ingreso Mediano Alto,118844.826,0.43,110.0,51.3
46,Egypt,163.0,43.53,EGY,Países De Ingreso Mediano Bajo,318678.815489749,1.48,166.0,43.18,EGY,Países De Ingreso Mediano Bajo,383817.841547099,2.61,166.0,43.83,EGY,Países De Ingreso Mediano Bajo,424671.765455704,1.79,168.0,30.23,EGY,Países De Ingreso Mediano Bajo,476747.720364742,1.83,166.0,33.37,EGY,Países De Ingreso Mediano Bajo,396002.49699696,1.43,170.0,25.1
47,El Salvador,81.0,70.19,SLV,Ingreso Mediano Alto,26881.14,0.12,74.0,70.3,SLV,Ingreso Mediano Alto,24921.19,0.17,82.0,69.51,SLV,Ingreso Mediano Alto,29043.14,0.12,112.0,54.09,SLV,Ingreso Mediano Alto,31988.92,0.12,115.0,51.36,SLV,Ingreso Mediano Alto,34015.62,0.12,133.0,44.01
48,Equatorial Guinea,165.0,41.65,GNQ,Ingreso Mediano Alto,11364.1335497478,0.05,165.0,43.62,GNQ,Ingreso Mediano Alto,9893.8160077398,0.07,164.0,44.33,GNQ,Ingreso Mediano Alto,12215.8780327166,0.05,141.0,43.96,GNQ,Ingreso Mediano Alto,13687.6434356249,0.05,120.0,50.35,GNQ,Ingreso Mediano Alto,12337.550583754,0.04,127.0,46.49
49,Eritrea,178.0,19.74,ERI,Países De Ingreso Bajo,0.0,0.0,178.0,16.5,ERI,Países De Ingreso Bajo,0.0,0.0,180.0,18.55,ERI,Países De Ingreso Bajo,0.0,0.0,179.0,19.62,ERI,Países De Ingreso Bajo,0.0,0.0,174.0,27.86,ERI,Países De Ingreso Bajo,0.0,0.0,180.0,16.64
50,Estonia,11.0,87.73,EST,Ingreso Alto,31873.7487700313,0.15,14.0,87.39,EST,Ingreso Alto,31820.7714938974,0.22,15.0,84.75,EST,Ingreso Alto,37204.56305147229,0.16,4.0,88.83,EST,Ingreso Alto,38376.046174971,0.15,8.0,85.31,EST,Ingreso Alto,41291.2452221948,0.15,6.0,86.44
51,Eswatini,147.0,50.91,SWZ,Países De Ingreso Mediano Bajo,4594.81814327624,0.02,141.0,54.85,SWZ,Países De Ingreso Mediano Bajo,4105.75686255271,0.03,141.0,53.66,SWZ,Países De Ingreso Mediano Bajo,4737.67157632851,0.02,131.0,46.42,SWZ,Países De Ingreso Mediano Bajo,4695.3727850814,0.02,111.0,52.66,SWZ,Países De Ingreso Mediano Bajo,4442.87578808505,0.02,85.0,58.31
52,Ethiopia,110.0,64.89,ETH,Países De Ingreso Bajo,95912.6077223032,0.45,99.0,67.18,ETH,Países De Ingreso Bajo,107657.734392446,0.73,101.0,66.37,ETH,Países De Ingreso Bajo,111261.882958426,0.47,114.0,50.53,ETH,Países De Ingreso Bajo,126772.703047701,0.49,130.0,47.7,ETH,Países De Ingreso Bajo,163697.927593982,0.59,141.0,41.37
53,Fiji,52.0,72.82,FJI,Ingreso Mediano Alto,5444.40721431758,0.03,52.0,72.59,FJI,Ingreso Mediano Alto,4432.46623709588,0.03,55.0,72.08,FJI,Ingreso Mediano Alto,4305.03163081808,0.02,102.0,56.91,FJI,Ingreso Mediano Alto,4969.503560773501,0.02,89.0,59.27,FJI,Ingreso Mediano Alto,5442.04656504719,0.02,44.0,71.23
54,Finland,2.0,92.1,FIN,Ingreso Alto,267014.821129411,1.24,2.0,92.07,FIN,Ingreso Alto,270000.311606226,1.84,2.0,93.01,FIN,Ingreso Alto,294223.210496119,1.24,5.0,88.42,FIN,Ingreso Alto,280241.51577432,1.08,5.0,87.94,FIN,Ingreso Alto,295532.34125490696,1.07,5.0,86.55
55,France,32.0,77.79,FRA,Ingreso Alto,2722793.51517176,12.64,34.0,77.08,FRA,Ingreso Alto,2647926.05511005,18.03,34.0,77.4,FRA,Ingreso Alto,2966433.6920080897,12.53,26.0,78.53,FRA,Ingreso Alto,2796302.21039884,10.75,24.0,78.72,FRA,Ingreso Alto,3051831.61138476,11.01,21.0,78.65
56,Gabon,115.0,64.4,GAB,Ingreso Mediano Alto,16874.405465391003,0.08,121.0,62.8,GAB,Ingreso Mediano Alto,15342.2361639864,0.1,117.0,61.4,GAB,Ingreso Mediano Alto,19444.935097239497,0.08,105.0,56.0,GAB,Ingreso Mediano Alto,20440.6556951804,0.08,94.0,58.12,GAB,Ingreso Mediano Alto,19388.4025416698,0.07,56.0,65.83
57,Gambia,92.0,68.65,GMB,Países De Ingreso Bajo,1813.60969249994,0.01,87.0,69.38,GMB,Países De Ingreso Bajo,1812.17089119069,0.01,85.0,69.24,GMB,Países De Ingreso Bajo,2014.15884214596,0.01,50.0,69.25,GMB,Países De Ingreso Bajo,2204.73452788096,0.01,46.0,71.06,GMB,Países De Ingreso Bajo,2396.11102164149,0.01,58.0,65.53
58,Georgia,60.0,71.02,GEO,Ingreso Mediano Alto,17638.3371169126,0.08,60.0,71.41,GEO,Ingreso Mediano Alto,16010.86921568,0.11,60.0,71.36,GEO,Ingreso Mediano Alto,18853.1155888106,0.08,89.0,59.3,GEO,Ingreso Mediano Alto,24984.568959605,0.1,77.0,61.69,GEO,Ingreso Mediano Alto,30777.8335854441,0.11,103.0,53.05
59,Germany,13.0,85.4,DEU,Ingreso Alto,3957208.05521568,18.37,11.0,87.84,DEU,Ingreso Alto,3940142.5413541,26.83,13.0,84.76,DEU,Ingreso Alto,4348297.440387529,18.36,16.0,82.04,DEU,Ingreso Alto,4163596.35787939,16.01,21.0,81.91,DEU,Ingreso Alto,4525703.903627531,16.33,10.0,83.84
60,Ghana,27.0,79.19,GHA,Países De Ingreso Mediano Bajo,68337.9692477067,0.32,30.0,77.74,GHA,Países De Ingreso Mediano Bajo,70043.09967567999,0.48,30.0,78.67,GHA,Países De Ingreso Mediano Bajo,79524.42186127431,0.34,60.0,67.43,GHA,Países De Ingreso Mediano Bajo,74263.3640418742,0.29,62.0,65.93,GHA,Países De Ingreso Mediano Bajo,76370.39672215401,0.28,50.0,67.71
61,Greece,65.0,70.92,GRC,Ingreso Alto,207305.649887019,0.96,65.0,71.2,GRC,Ingreso Alto,191362.985554861,1.3,70.0,70.99,GRC,Ingreso Alto,218303.801895326,0.92,108.0,55.52,GRC,Ingreso Alto,218880.566444349,0.84,107.0,55.2,GRC,Ingreso Alto,243498.333237802,0.88,88.0,57.15
62,Guatemala,116.0,64.06,GTM,Ingreso Mediano Alto,77172.3172586478,0.36,116.0,64.26,GTM,Ingreso Mediano Alto,77719.46422072999,0.53,116.0,61.55,GTM,Ingreso Mediano Alto,86478.8356363813,0.37,124.0,47.94,GTM,Ingreso Mediano Alto,95630.524813106,0.37,127.0,48.12,GTM,Ingreso Mediano Alto,104450.210572012,0.38,138.0,42.28
63,Guinea,107.0,66.51,GIN,Países De Ingreso Mediano Bajo,13442.8614964454,0.06,110.0,65.66,GIN,Países De Ingreso Mediano Bajo,14088.6937429464,0.1,109.0,64.58,GIN,Países De Ingreso Mediano Bajo,17069.115737825898,0.07,84.0,59.82,GIN,Países De Ingreso Mediano Bajo,19910.452541921903,0.08,85.0,59.51,GIN,Países De Ingreso Mediano Bajo,22199.4097412578,0.08,78.0,59.97
64,Guinea-Bissau,89.0,69.05,GNB,Países De Ingreso Bajo,1588.63885359328,0.01,94.0,67.94,GNB,Países De Ingreso Bajo,1646.40034984867,0.01,95.0,67.32,GNB,Países De Ingreso Bajo,1853.79645589489,0.01,92.0,58.79,GNB,Países De Ingreso Bajo,1796.60853082267,0.01,78.0,61.57,GNB,Países De Ingreso Bajo,2048.34810835852,0.01,92.0,55.95
65,Guyana,51.0,73.37,GUY,Ingreso Alto,5173.760191846521,0.02,49.0,73.37,GUY,Ingreso Alto,5471.25659472422,0.04,51.0,74.39,GUY,Ingreso Alto,8041.36389304556,0.03,34.0,76.41,GUY,Ingreso Alto,14718.3870167866,0.06,60.0,67.5,GUY,Ingreso Alto,17159.5095654676,0.06,77.0,60.1
66,Haiti,62.0,71.0,HTI,Países De Ingreso Mediano Bajo,15016.0909295125,0.07,83.0,69.8,HTI,Países De Ingreso Mediano Bajo,14508.2225183018,0.1,87.0,68.88,HTI,Países De Ingreso Mediano Bajo,20877.4149526375,0.09,70.0,64.55,HTI,Países De Ingreso Mediano Bajo,20253.551920551603,0.08,99.0,57.38,HTI,Países De Ingreso Mediano Bajo,19850.8297575418,0.07,93.0,55.92
67,Honduras,146.0,51.47,HND,Países De Ingreso Mediano Bajo,24882.2257418119,0.12,148.0,51.8,HND,Países De Ingreso Mediano Bajo,23352.232483755,0.16,151.0,50.65,HND,Países De Ingreso Mediano Bajo,28144.331506614897,0.12,165.0,34.61,HND,Países De Ingreso Mediano Bajo,31426.0418067985,0.12,169.0,32.65,HND,Países De Ingreso Mediano Bajo,34400.5098520436,0.12,146.0,38.18
68,Hong Kong,73.0,70.35,HKG,Ingreso Alto,363074.54507238895,1.69,80.0,69.99,HKG,Ingreso Alto,344943.149590058,2.35,80.0,69.56,HKG,Ingreso Alto,368954.169748818,1.56,148.0,41.64,HKG,Ingreso Alto,358681.066274469,1.38,140.0,44.86,HKG,Ingreso Alto,380812.234827832,1.37,135.0,43.06
69,Hungary,87.0,69.56,HUN,Ingreso Alto,164020.460331659,0.76,89.0,69.16,HUN,Ingreso Alto,157288.955508176,1.07,92.0,68.24,HUN,Ingreso Alto,182109.99947769105,0.77,85.0,59.8,HUN,Ingreso Alto,177006.12862462702,0.68,72.0,62.96,HUN,Ingreso Alto,212388.906458724,0.77,67.0,62.98
70,Iceland,14.0,85.29,ISL,Ingreso Alto,24681.3436492952,0.11,15.0,84.88,ISL,Ingreso Alto,21629.9531940659,0.15,16.0,84.63,ISL,Ingreso Alto,25825.287184381803,0.11,15.0,82.69,ISL,Ingreso Alto,28770.2066265564,0.11,18.0,83.19,ISL,Ingreso Alto,31325.1165563807,0.11,18.0,80.13
71,India,140.0,54.33,IND,Países De Ingreso Mediano Bajo,2835606.25655819,13.16,142.0,54.67,IND,Países De Ingreso Mediano Bajo,2674851.57858727,18.21,142.0,53.44,IND,Países De Ingreso Mediano Bajo,3167270.62326047,13.37,150.0,41.0,IND,Países De Ingreso Mediano Bajo,3353470.49688633,12.89,161.0,36.62,IND,Países De Ingreso Mediano Bajo,3567551.6746230097,12.87,159.0,31.28
72,Indonesia,124.0,63.23,IDN,Ingreso Mediano Alto,1119099.87138579,5.2,119.0,63.18,IDN,Ingreso Mediano Alto,1059054.84271155,7.21,113.0,62.6,IDN,Ingreso Mediano Alto,1186509.69107097,5.01,117.0,49.27,IDN,Ingreso Mediano Alto,1319076.26729151,5.07,108.0,54.83,IDN,Ingreso Mediano Alto,1371171.15233116,4.95,111.0,51.15
73,Iran,170.0,35.59,,,,,173.0,35.19,,,,,174.0,27.3,,,,,178.0,23.22,,,,,177.0,24.81,,,,,176.0,21.3
74,Iraq,156.0,47.4,IRQ,Ingreso Mediano Alto,233636.097800338,1.08,162.0,44.63,IRQ,Ingreso Mediano Alto,180898.797516874,1.23,163.0,44.43,IRQ,Ingreso Mediano Alto,209691.945713103,0.89,172.0,28.59,IRQ,Ingreso Mediano Alto,286640.34096551704,1.1,167.0,32.94,IRQ,Ingreso Mediano Alto,250842.782139464,0.9,169.0,25.48
75,Ireland,15.0,85.0,IRL,Ingreso Alto,407124.824064995,1.89,13.0,87.4,IRL,Ingreso Alto,436555.518400451,2.97,12.0,88.09,IRL,Ingreso Alto,531306.516907984,2.24,6.0,88.3,IRL,Ingreso Alto,548570.250341987,2.11,2.0,89.91,IRL,Ingreso Alto,551394.889339778,1.99,8.0,85.59
76,Israel,88.0,69.2,ISR,Ingreso Alto,399651.06519787095,1.86,88.0,69.16,ISR,Ingreso Alto,411728.563086632,2.8,86.0,69.1,ISR,Ingreso Alto,489708.27889305295,2.07,86.0,59.62,ISR,Ingreso Alto,525000.4152766779,2.02,97.0,57.57,ISR,Ingreso Alto,513611.100815691,1.85,101.0,53.23
77,Italy,43.0,75.02,ITA,Ingreso Alto,2019606.79658353,9.38,41.0,76.31,ITA,Ingreso Alto,1907481.09407923,12.99,41.0,76.61,ITA,Ingreso Alto,2179207.7735960903,9.2,58.0,68.16,ITA,Ingreso Alto,2102995.94272044,8.09,41.0,72.05,ITA,Ingreso Alto,2300941.15299181,8.3,46.0,69.8
78,Ivory Coast,71.0,70.48,,,,,68.0,71.06,,,,,66.0,71.13,,,,,37.0,74.46,,,,,54.0,68.83,,,,,53.0,66.89
79,Jamaica,8.0,88.87,JAM,Ingreso Mediano Alto,15830.7665707266,0.07,6.0,89.49,JAM,Ingreso Mediano Alto,13812.4218034084,0.09,7.0,90.04,JAM,Ingreso Mediano Alto,14657.5861270331,0.06,12.0,83.35,JAM,Ingreso Mediano Alto,17097.7607239201,0.07,32.0,75.89,JAM,Ingreso Mediano Alto,19423.3554092316,0.07,24.0,77.3
80,Japan,67.0,70.64,JPN,Ingreso Alto,5117993.85301651,23.76,66.0,71.14,JPN,Ingreso Alto,5055587.09350159,34.42,67.0,71.12,JPN,Ingreso Alto,5034620.78458498,21.26,71.0,64.37,JPN,Ingreso Alto,4256410.76072375,16.37,68.0,63.95,JPN,Ingreso Alto,4204494.80243155,15.17,70.0,62.12
81,Jordan,130.0,56.89,JOR,Países De Ingreso Mediano Bajo,44503.0063380282,0.21,128.0,57.92,JOR,Países De Ingreso Mediano Bajo,43700.3830985916,0.3,129.0,57.11,JOR,Países De Ingreso Mediano Bajo,46296.1001408451,0.2,120.0,48.66,JOR,Países De Ingreso Mediano Bajo,48764.9633802817,0.19,146.0,42.79,JOR,Países De Ingreso Mediano Bajo,50967.4753521127,0.18,132.0,44.3
82,Kazakhstan,158.0,47.18,KAZ,Ingreso Mediano Alto,181667.184854501,0.84,157.0,45.89,KAZ,Ingreso Mediano Alto,171082.365861423,1.16,155.0,49.72,KAZ,Ingreso Mediano Alto,197112.255360612,0.83,122.0,48.28,KAZ,Ingreso Mediano Alto,225496.328925494,0.87,134.0,45.87,KAZ,Ingreso Mediano Alto,262641.892078524,0.95,142.0,41.11
83,Kenya,100.0,67.56,KEN,Países De Ingreso Mediano Bajo,100378.436207371,0.47,103.0,66.28,KEN,Países De Ingreso Mediano Bajo,100657.505750545,0.69,102.0,66.35,KEN,Países De Ingreso Mediano Bajo,109703.658904994,0.46,69.0,64.59,KEN,Países De Ingreso Mediano Bajo,114448.978152637,0.44,116.0,51.15,KEN,Países De Ingreso Mediano Bajo,108038.588970595,0.39,102.0,53.22
84,Kosovo,75.0,70.32,,,,,70.0,70.67,,,,,78.0,69.68,,,,,61.0,67.0,,,,,56.0,68.38,,,,,75.0,60.19
85,Kuwait,108.0,66.14,KWT,Ingreso Alto,140856.39487001998,0.65,109.0,65.7,KWT,Ingreso Alto,111045.470461207,0.76,105.0,65.64,KWT,Ingreso Alto,148459.291453471,0.63,158.0,37.87,KWT,Ingreso Alto,183940.21506517095,0.71,154.0,38.84,KWT,Ingreso Alto,163704.87887585,0.59,131.0,44.66
86,Kyrgyzstan,83.0,70.08,KGZ,Países De Ingreso Mediano Bajo,9371.27526436735,0.04,82.0,69.81,KGZ,Países De Ingreso Mediano Bajo,8270.46861424051,0.06,79.0,69.63,KGZ,Países De Ingreso Mediano Bajo,9249.13394626531,0.04,72.0,64.25,KGZ,Países De Ingreso Mediano Bajo,12134.9310179465,0.05,122.0,49.91,KGZ,Países De Ingreso Mediano Bajo,13987.6279088381,0.05,120.0,49.11
87,Laos,171.0,35.51,,,,,172.0,35.72,,,,,172.0,29.44,,,,,161.0,36.64,,,,,160.0,36.66,,,,,153.0,33.76
88,Latvia,24.0,80.47,LVA,Ingreso Alto,33099.503950847,0.15,22.0,81.44,LVA,Ingreso Alto,33379.927434614896,0.23,22.0,80.74,LVA,Ingreso Alto,38185.1257329451,0.16,22.0,79.17,LVA,Ingreso Alto,38018.905782397,0.15,16.0,83.27,LVA,Ingreso Alto,42247.850064512495,0.15,12.0,82.9
89,Lebanon,101.0,67.56,LBN,Países De Ingreso Mediano Bajo,51605.9591312741,0.24,102.0,66.81,LBN,Países De Ingreso Mediano Bajo,31712.1282537961,0.22,107.0,65.07,LBN,Países De Ingreso Mediano Bajo,23131.941556784303,0.1,130.0,46.58,LBN,Países De Ingreso Mediano Bajo,20992.4219488081,0.08,119.0,50.46,LBN,Países De Ingreso Mediano Bajo,0.0,0.0,140.0,41.91
90,Lesotho,78.0,70.26,LSO,Países De Ingreso Mediano Bajo,2390.7022958277703,0.01,86.0,69.55,LSO,Países De Ingreso Mediano Bajo,2053.69987007191,0.01,88.0,68.3,LSO,Países De Ingreso Mediano Bajo,2412.1300565585098,0.01,88.0,59.39,LSO,Países De Ingreso Mediano Bajo,2354.6830887199503,0.01,67.0,64.29,LSO,Países De Ingreso Mediano Bajo,2117.96245079469,0.01,122.0,48.92
91,Liberia,93.0,68.51,LBR,Países De Ingreso Bajo,3319.5965,0.02,95.0,67.75,LBR,Países De Ingreso Bajo,3176.1263,0.02,98.0,66.64,LBR,Países De Ingreso Bajo,3513.0495,0.01,75.0,62.77,LBR,Países De Ingreso Bajo,4001.047,0.02,66.0,64.34,LBR,Países De Ingreso Bajo,4240.0,0.02,60.0,65.13
92,Libya,162.0,44.23,LBY,Ingreso Mediano Alto,69254.4964716938,0.32,164.0,44.23,LBY,Ingreso Mediano Alto,46854.285440642,0.32,165.0,44.27,LBY,Ingreso Mediano Alto,35217.9956472862,0.15,143.0,43.16,LBY,Ingreso Mediano Alto,43246.2979218499,0.17,149.0,40.22,LBY,Ingreso Mediano Alto,45096.4629724014,0.16,143.0,40.59
93,Liechtenstein,26.0,79.51,LIE,Ingreso Alto,6436.46700711932,0.03,24.0,80.48,LIE,Ingreso Alto,6405.870210322931,0.04,23.0,80.51,LIE,Ingreso Alto,7710.38008592257,0.03,10.0,84.03,LIE,Ingreso Alto,7361.50443219331,0.03,11.0,84.47,LIE,Ingreso Alto,0.0,0.0,15.0,81.52
94,Lithuania,30.0,77.94,LTU,Ingreso Alto,55122.066225796,0.26,28.0,78.81,LTU,Ingreso Alto,57412.0385332718,0.39,28.0,79.95,LTU,Ingreso Alto,67037.3210089679,0.28,9.0,84.14,LTU,Ingreso Alto,71033.88449978239,0.27,7.0,86.79,LTU,Ingreso Alto,79789.8774161681,0.29,13.0,81.73
95,Luxembourg,17.0,84.34,LUX,Ingreso Alto,69890.50532358419,0.32,17.0,84.54,LUX,Ingreso Alto,73699.36670021339,0.5,20.0,82.44,LUX,Ingreso Alto,85584.1059938746,0.36,21.0,79.81,LUX,Ingreso Alto,81641.8078657591,0.31,20.0,81.98,LUX,Ingreso Alto,85755.00612359759,0.31,11.0,83.8
96,Madagascar,54.0,72.24,MDG,Países De Ingreso Bajo,14104.6646785063,0.07,54.0,72.32,MDG,Países De Ingreso Bajo,13051.4412039474,0.09,57.0,71.76,MDG,Países De Ingreso Bajo,14554.7541165427,0.06,98.0,58.02,MDG,Países De Ingreso Bajo,15134.7002030497,0.06,101.0,56.66,MDG,Países De Ingreso Bajo,15790.1132467478,0.06,100.0,54.07
97,Malawi,68.0,70.64,MWI,Países De Ingreso Bajo,11051.8655798121,0.05,69.0,70.68,MWI,Países De Ingreso Bajo,11769.3135978545,0.08,62.0,71.2,MWI,Países De Ingreso Bajo,12378.1297509872,0.05,80.0,61.4,MWI,Países De Ingreso Bajo,12429.060150742,0.05,82.0,60.34,MWI,Países De Ingreso Bajo,12712.1500820792,0.05,63.0,64.46
98,Malaysia,123.0,63.26,MYS,Ingreso Mediano Alto,365177.721021516,1.7,101.0,66.88,MYS,Ingreso Mediano Alto,337456.163961211,2.3,119.0,60.53,MYS,Ingreso Mediano Alto,373784.823672946,1.58,113.0,51.55,MYS,Ingreso Mediano Alto,407605.841348235,1.57,73.0,62.83,MYS,Ingreso Mediano Alto,399705.169318477,1.44,107.0,52.07
99,Maldives,98.0,67.84,MDV,Ingreso Mediano Alto,5726.094799377091,0.03,79.0,70.07,MDV,Ingreso Mediano Alto,3712.6045833666494,0.03,72.0,70.87,MDV,Ingreso Mediano Alto,5252.45736955218,0.02,87.0,59.55,MDV,Ingreso Mediano Alto,6177.11811394637,0.02,100.0,56.93,MDV,Ingreso Mediano Alto,6590.8943019579,0.02,106.0,52.36
100,Mali,112.0,64.77,MLI,Países De Ingreso Bajo,17280.2508100321,0.08,108.0,65.88,MLI,Países De Ingreso Bajo,17465.3927643706,0.12,99.0,66.5,MLI,Países De Ingreso Bajo,19309.4635080377,0.08,111.0,54.48,MLI,Países De Ingreso Bajo,18780.3222037584,0.07,113.0,52.29,MLI,Países De Ingreso Bajo,20661.7945960873,0.07,114.0,50.56
101,Malta,77.0,70.26,MLT,Ingreso Alto,16337.7935307788,0.08,81.0,69.84,MLT,Ingreso Alto,16385.9195356742,0.11,81.0,69.54,MLT,Ingreso Alto,19718.565605433,0.08,78.0,61.55,MLT,Ingreso Alto,19209.9799752323,0.07,84.0,59.76,MLT,Ingreso Alto,22328.640241555306,0.08,73.0,60.96
102,Mauritania,94.0,68.35,MRT,Países De Ingreso Mediano Bajo,7894.76488582312,0.04,97.0,67.46,MRT,Países De Ingreso Mediano Bajo,8260.75238523089,0.06,94.0,67.75,MRT,Países De Ingreso Mediano Bajo,9222.53636401272,0.04,97.0,58.1,MRT,Países De Ingreso Mediano Bajo,9557.966698253693,0.04,86.0,59.45,MRT,Países De Ingreso Mediano Bajo,10651.7094114594,0.04,33.0,74.2
103,Mauritius,58.0,71.54,MUS,Ingreso Mediano Alto,14436.3469796355,0.07,56.0,72.0,MUS,Ingreso Mediano Alto,11408.1064463144,0.08,61.0,71.26,MUS,Ingreso Mediano Alto,11484.3488578529,0.05,64.0,66.07,MUS,Ingreso Mediano Alto,12927.9792860453,0.05,63.0,65.56,MUS,Ingreso Mediano Alto,14644.5248190054,0.05,57.0,65.55
104,Mexico,144.0,53.22,MEX,Ingreso Mediano Alto,1304106.2036948102,6.05,143.0,54.55,MEX,Ingreso Mediano Alto,1121064.76726188,7.63,143.0,53.29,MEX,Ingreso Mediano Alto,1316569.46693259,5.56,127.0,47.57,MEX,Ingreso Mediano Alto,1464312.69233158,5.63,128.0,47.98,MEX,Ingreso Mediano Alto,1789114.43484346,6.45,121.0,49.01
105,Moldova,91.0,68.79,,,,,91.0,68.84,,,,,89.0,68.39,,,,,40.0,73.47,,,,,28.0,77.62,,,,,31.0,74.86
106,Mongolia,70.0,70.49,MNG,Ingreso Mediano Alto,14206.3590175143,0.07,73.0,70.39,MNG,Ingreso Mediano Alto,13312.9814290891,0.09,68.0,71.03,MNG,Ingreso Mediano Alto,15286.4417376686,0.06,90.0,59.17,MNG,Ingreso Mediano Alto,17146.471713748,0.07,88.0,59.33,MNG,Ingreso Mediano Alto,20325.1213939074,0.07,109.0,51.34
107,Montenegro,104.0,67.26,MNE,Ingreso Mediano Alto,5542.05418112616,0.03,105.0,66.17,MNE,Ingreso Mediano Alto,4769.99686600758,0.03,104.0,65.67,MNE,Ingreso Mediano Alto,5861.427505124931,0.02,63.0,66.54,MNE,Ingreso Mediano Alto,6229.80158079157,0.02,39.0,74.28,MNE,Ingreso Mediano Alto,7530.59337522034,0.03,40.0,73.21
108,Morocco,135.0,56.02,MAR,Países De Ingreso Mediano Bajo,128920.266409458,0.6,133.0,57.12,MAR,Países De Ingreso Mediano Bajo,121353.645057144,0.83,136.0,56.06,MAR,Países De Ingreso Mediano Bajo,142022.058447231,0.6,135.0,45.42,MAR,Países De Ingreso Mediano Bajo,130951.926351241,0.5,144.0,43.69,MAR,Países De Ingreso Mediano Bajo,144417.103249646,0.52,129.0,45.97
109,Mozambique,103.0,67.34,MOZ,Países De Ingreso Bajo,15512.759046672,0.07,104.0,66.21,MOZ,Países De Ingreso Bajo,14235.4201741884,0.1,108.0,64.61,MOZ,Países De Ingreso Bajo,16168.0554754449,0.07,116.0,49.89,MOZ,Países De Ingreso Bajo,18883.5285813734,0.07,102.0,56.13,MOZ,Países De Ingreso Bajo,20954.220983547297,0.08,105.0,52.42
110,Myanmar,138.0,55.08,MMR,Países De Ingreso Mediano Bajo,75065.10622768919,0.35,139.0,55.23,MMR,Países De Ingreso Mediano Bajo,79006.11364319059,0.54,140.0,53.86,MMR,Países De Ingreso Mediano Bajo,66345.2911601683,0.28,176.0,25.03,MMR,Países De Ingreso Mediano Bajo,62253.0498916449,0.24,173.0,28.26,MMR,Países De Ingreso Mediano Bajo,66757.619,0.24,171.0,24.41
111,Namibia,23.0,81.05,NAM,Ingreso Mediano Alto,12541.92830348,0.06,23.0,80.75,NAM,Ingreso Mediano Alto,10583.748541525802,0.07,24.0,80.28,NAM,Ingreso Mediano Alto,12402.4861836396,0.05,18.0,81.84,NAM,Ingreso Mediano Alto,12567.2710046761,0.05,22.0,80.91,NAM,Ingreso Mediano Alto,12351.0250669131,0.04,34.0,74.16
112,Nepal,106.0,66.6,NPL,Países De Ingreso Mediano Bajo,34186.1806990255,0.16,112.0,64.9,NPL,Países De Ingreso Mediano Bajo,33433.659301246604,0.23,106.0,65.38,NPL,Países De Ingreso Mediano Bajo,36924.8413942605,0.16,76.0,62.67,NPL,Países De Ingreso Mediano Bajo,41182.93960067,0.16,95.0,57.89,NPL,Países De Ingreso Mediano Bajo,40908.0733668455,0.15,74.0,60.52
113,Netherlands,4.0,91.37,NLD,Ingreso Alto,928903.005576469,4.31,5.0,90.04,NLD,Ingreso Alto,932560.86170117,6.35,6.0,90.33,NLD,Ingreso Alto,1054472.1234496,4.45,28.0,77.93,NLD,Ingreso Alto,1046540.79754864,4.02,6.0,87.0,NLD,Ingreso Alto,1154361.30539806,4.16,4.0,87.73
114,New Zealand,7.0,89.25,NZL,Ingreso Alto,212846.907683439,0.99,9.0,89.31,NZL,Ingreso Alto,212697.53089756,1.45,8.0,89.96,NZL,Ingreso Alto,253644.079784977,1.07,11.0,83.54,NZL,Ingreso Alto,246733.522841353,0.95,13.0,84.23,NZL,Ingreso Alto,252175.506110168,0.91,19.0,79.72
115,Nicaragua,114.0,64.47,NIC,Países De Ingreso Mediano Bajo,12699.028889666,0.06,117.0,64.19,NIC,Países De Ingreso Mediano Bajo,12681.5692542815,0.09,121.0,60.02,NIC,Países De Ingreso Mediano Bajo,14144.0608531362,0.06,160.0,37.09,NIC,Países De Ingreso Mediano Bajo,15649.8971168965,0.06,158.0,37.09,NIC,Países De Ingreso Mediano Bajo,17829.2182193591,0.06,163.0,29.2
116,Niger,66.0,70.74,NER,Países De Ingreso Bajo,12889.5555612299,0.06,57.0,71.75,NER,Países De Ingreso Bajo,13744.653103058,0.09,59.0,71.56,NER,Países De Ingreso Bajo,14915.002436069,0.06,59.0,67.8,NER,Países De Ingreso Bajo,15433.8527122963,0.06,61.0,66.84,NER,Países De Ingreso Bajo,16819.1704205653,0.06,80.0,59.71
117,Nigeria,120.0,63.5,NGA,Países De Ingreso Mediano Bajo,474517.490844461,2.2,115.0,64.37,NGA,Países De Ingreso Mediano Bajo,432198.898467795,2.94,120.0,60.31,NGA,Países De Ingreso Mediano Bajo,440833.63587382704,1.86,129.0,46.79,NGA,Países De Ingreso Mediano Bajo,477403.400101174,1.84,123.0,49.56,NGA,Países De Ingreso Mediano Bajo,363846.332834618,1.31,112.0,51.03
118,North Korea,179.0,16.6,,,,,180.0,14.18,,,,,179.0,18.72,,,,,180.0,13.92,,,,,180.0,21.72,,,,,177.0,20.66
119,North Macedonia,95.0,68.34,MKD,Ingreso Mediano Alto,12606.338448547,0.06,92.0,68.72,MKD,Ingreso Mediano Alto,12361.0369138409,0.08,90.0,68.33,MKD,Ingreso Mediano Alto,14000.2838270154,0.06,57.0,68.44,MKD,Ingreso Mediano Alto,13932.4365500883,0.05,38.0,74.35,MKD,Ingreso Mediano Alto,15763.621848115,0.06,36.0,73.78
120,Northern Cyprus,74.0,70.33,,,,,77.0,70.21,,,,,76.0,70.18,,,,,81.0,61.08,,,,,76.0,61.73,,,,,90.0,56.72
121,Norway,1.0,92.18,NOR,Ingreso Alto,408742.840909091,1.9,1.0,92.16,NOR,Ingreso Alto,367633.418886627,2.5,1.0,93.28,NOR,Ingreso Alto,503367.986030268,2.13,1.0,92.65,NOR,Ingreso Alto,593726.965415619,2.28,1.0,95.18,NOR,Ingreso Alto,485310.823603662,1.75,1.0,91.89
122,Oman,132.0,56.58,OMN,Ingreso Alto,88060.8582574772,0.41,135.0,56.58,OMN,Ingreso Alto,75909.4928478544,0.52,133.0,56.63,OMN,Ingreso Alto,87323.7971391417,0.37,163.0,35.99,OMN,Ingreso Alto,111943.823146944,0.43,155.0,37.87,OMN,Ingreso Alto,108810.923276983,0.39,137.0,42.52
123,Pakistan,142.0,54.17,PAK,Países De Ingreso Mediano Bajo,320909.47277066903,1.49,145.0,54.48,PAK,Países De Ingreso Mediano Bajo,300425.609817981,2.05,145.0,53.14,PAK,Países De Ingreso Mediano Bajo,348516.64744514803,1.47,157.0,37.99,PAK,Países De Ingreso Mediano Bajo,374890.29566669394,1.44,150.0,39.95,PAK,Países De Ingreso Mediano Bajo,337912.301397727,1.22,152.0,33.9
124,Palestine,137.0,55.32,,,,,137.0,55.91,,,,,132.0,56.82,,,,,170.0,28.98,,,,,156.0,37.86,,,,,157.0,31.92
125,Panama,79.0,70.22,PAN,Ingreso Alto,69778.9912,0.32,76.0,70.22,PAN,Ingreso Alto,57059.8465,0.39,77.0,70.06,PAN,Ingreso Alto,67396.3925,0.28,74.0,62.78,PAN,Ingreso Alto,76276.1167,0.29,69.0,63.67,PAN,Ingreso Alto,83318.1769,0.3,83.0,58.55
126,Papua New Guinea,38.0,75.3,PNG,Países De Ingreso Mediano Bajo,24750.626040591706,0.11,46.0,76.07,PNG,Países De Ingreso Mediano Bajo,23848.4478497467,0.16,47.0,75.12,PNG,Países De Ingreso Mediano Bajo,26109.413522308103,0.11,62.0,66.66,PNG,Países De Ingreso Mediano Bajo,31647.2777673976,0.12,59.0,67.62,PNG,Países De Ingreso Mediano Bajo,30729.2429194411,0.11,91.0,56.02
127,Paraguay,99.0,67.6,PRY,Ingreso Mediano Alto,37925.3383291494,0.18,100.0,67.03,PRY,Ingreso Mediano Alto,35432.1780681814,0.24,100.0,66.48,PRY,Ingreso Mediano Alto,39950.8999387482,0.17,96.0,58.36,PRY,Ingreso Mediano Alto,41952.9108580846,0.16,103.0,55.96,PRY,Ingreso Mediano Alto,42956.2635439482,0.15,115.0,50.48
128,Peru,85.0,69.78,PER,Ingreso Mediano Alto,228346.006003648,1.06,90.0,69.06,PER,Ingreso Mediano Alto,201409.694755934,1.37,91.0,68.29,PER,Ingreso Mediano Alto,226354.27828088505,0.96,77.0,61.75,PER,Ingreso Mediano Alto,246488.757636211,0.95,110.0,52.74,PER,Ingreso Mediano Alto,267603.248655253,0.97,125.0,47.76
129,Philippines,134.0,56.09,PHL,Países De Ingreso Mediano Bajo,376823.402244928,1.75,136.0,56.46,PHL,Países De Ingreso Mediano Bajo,361751.145451597,2.46,138.0,54.36,PHL,Países De Ingreso Mediano Bajo,394087.35984811,1.66,147.0,41.84,PHL,Países De Ingreso Mediano Bajo,404353.369604631,1.55,132.0,46.21,PHL,Países De Ingreso Mediano Bajo,437146.372729942,1.58,134.0,43.36
130,Poland,59.0,71.11,POL,Ingreso Alto,602683.77014488,2.8,62.0,71.35,POL,Ingreso Alto,605914.2379037419,4.13,64.0,71.16,POL,Ingreso Alto,689170.23066535,2.91,66.0,65.64,POL,Ingreso Alto,695607.470875276,2.67,57.0,67.66,POL,Ingreso Alto,809200.6977970881,2.92,47.0,69.17
131,Portugal,12.0,87.37,PRT,Ingreso Alto,240115.97006301905,1.11,10.0,88.17,PRT,Ingreso Alto,229618.77342257695,1.56,9.0,89.89,PRT,Ingreso Alto,256055.879091139,1.08,7.0,87.07,PRT,Ingreso Alto,256898.675068927,0.99,9.0,84.6,PRT,Ingreso Alto,289114.289663542,1.04,7.0,85.9
132,Qatar,128.0,57.49,QAT,Ingreso Alto,176371.267689082,0.82,129.0,57.49,QAT,Ingreso Alto,144411.36334527,0.98,128.0,57.4,QAT,Ingreso Alto,179732.009554846,0.76,119.0,49.03,QAT,Ingreso Alto,235709.325708341,0.91,105.0,55.28,QAT,Ingreso Alto,213002.809330267,0.77,84.0,58.48
133,Romania,47.0,74.33,ROU,Ingreso Alto,251677.08253449496,1.17,48.0,74.09,ROU,Ingreso Alto,252033.792712145,1.72,48.0,75.09,ROU,Ingreso Alto,286578.196368297,1.21,56.0,68.46,ROU,Ingreso Alto,296354.358293475,1.14,53.0,69.04,ROU,Ingreso Alto,350775.85641518905,1.27,49.0,68.45
134,Russia,149.0,49.69,,,,,149.0,51.08,,,,,150.0,51.29,,,,,155.0,38.82,,,,,164.0,34.77,,,,,162.0,29.86
135,Rwanda,155.0,47.57,RWA,Países De Ingreso Bajo,10349.30038033,0.05,155.0,49.66,RWA,Países De Ingreso Bajo,10174.3873743478,0.07,156.0,49.34,RWA,Países De Ingreso Bajo,11069.280649645902,0.05,136.0,45.18,RWA,Países De Ingreso Bajo,13316.1608950447,0.05,131.0,46.58,RWA,Países De Ingreso Bajo,14097.7684721883,0.05,144.0,40.54
136,Samoa,22.0,81.75,WSM,Países De Ingreso Mediano Bajo,912.950466064906,0.0,21.0,81.75,WSM,Países De Ingreso Mediano Bajo,868.8983582664371,0.01,21.0,80.76,WSM,Países De Ingreso Mediano Bajo,843.923638733018,0.0,45.0,71.39,WSM,Países De Ingreso Mediano Bajo,832.9452056371849,0.0,19.0,82.15,WSM,Países De Ingreso Mediano Bajo,938.189443830393,0.0,22.0,78.41
137,Saudi Arabia,172.0,34.12,SAU,Ingreso Alto,838564.8,3.89,170.0,37.86,SAU,Ingreso Alto,734271.2,5.0,170.0,37.27,SAU,Ingreso Alto,874156.0,3.69,166.0,33.71,SAU,Ingreso Alto,1108571.4666666698,4.26,170.0,32.43,SAU,Ingreso Alto,1067582.93333333,3.85,166.0,27.14
138,Senegal,49.0,74.19,SEN,Países De Ingreso Mediano Bajo,23403.9959921354,0.11,47.0,76.01,SEN,Países De Ingreso Mediano Bajo,24530.5130377518,0.17,49.0,74.78,SEN,Países De Ingreso Mediano Bajo,27520.7841297508,0.12,73.0,63.07,SEN,Países De Ingreso Mediano Bajo,27619.4790596131,0.11,104.0,55.82,SEN,Países De Ingreso Mediano Bajo,30848.3330837055,0.11,94.0,55.44
139,Serbia,90.0,68.82,SRB,Ingreso Mediano Alto,53864.6936645568,0.25,93.0,68.38,SRB,Ingreso Mediano Alto,55874.017668998,0.38,93.0,67.97,SRB,Ingreso Mediano Alto,66159.8840725308,0.28,79.0,61.51,SRB,Ingreso Mediano Alto,66797.564758339,0.26,91.0,59.16,SRB,Ingreso Mediano Alto,81342.6607523732,0.29,98.0,54.48
140,Seychelles,69.0,70.59,SYC,Ingreso Alto,1868.69009673454,0.01,63.0,71.34,SYC,Ingreso Alto,1382.55175156908,0.01,52.0,74.34,SYC,Ingreso Alto,1487.17379480528,0.01,13.0,83.33,SYC,Ingreso Alto,2057.96851983091,0.01,34.0,75.71,SYC,Ingreso Alto,2141.45017113932,0.01,37.0,73.75
141,Sierra Leone,86.0,69.64,SLE,Países De Ingreso Bajo,6523.57759038319,0.03,85.0,69.72,SLE,Países De Ingreso Bajo,6688.59475762129,0.05,75.0,70.39,SLE,Países De Ingreso Bajo,7165.21436764956,0.03,46.0,71.03,SLE,Países De Ingreso Bajo,7119.13732190082,0.03,74.0,62.55,SLE,Países De Ingreso Bajo,6411.86954628929,0.02,64.0,64.27
142,Singapore,151.0,48.59,SGP,Ingreso Alto,376901.649222451,1.75,158.0,44.77,SGP,Ingreso Alto,349488.382610662,2.38,160.0,44.8,SGP,Ingreso Alto,434111.559282849,1.83,139.0,44.23,SGP,Ingreso Alto,498474.54098778,1.92,129.0,47.88,SGP,Ingreso Alto,501427.5000800591,1.81,126.0,47.19
143,Slovakia,35.0,76.42,SVK,Ingreso Alto,105843.498304094,0.49,33.0,77.33,SVK,Ingreso Alto,107732.602896441,0.73,35.0,76.98,SVK,Ingreso Alto,120592.216208386,0.51,27.0,78.37,SVK,Ingreso Alto,115928.615553286,0.45,17.0,83.22,SVK,Ingreso Alto,132908.33623429498,0.48,29.0,76.03
144,Slovenia,34.0,77.69,SVN,Ingreso Alto,53909.922735545,0.25,32.0,77.36,SVN,Ingreso Alto,53384.760135158096,0.36,36.0,76.9,SVN,Ingreso Alto,61529.280461092,0.26,54.0,68.54,SVN,Ingreso Alto,59927.7027462843,0.23,50.0,70.59,SVN,Ingreso Alto,69148.46841732081,0.25,42.0,72.6
145,Somalia,164.0,42.76,SOM,Países De Ingreso Bajo,8655.023960002001,0.04,163.0,44.55,SOM,Países De Ingreso Bajo,8628.39371999922,0.06,161.0,44.53,SOM,Países De Ingreso Bajo,9483.99740425227,0.04,140.0,44.01,SOM,Países De Ingreso Bajo,10202.7672699603,0.04,141.0,44.24,SOM,Países De Ingreso Bajo,10968.5170900004,0.04,145.0,39.4
146,South Africa,31.0,77.81,ZAF,Ingreso Mediano Alto,389330.032224269,1.81,31.0,77.59,ZAF,Ingreso Mediano Alto,337974.655408055,2.3,32.0,78.41,ZAF,Ingreso Mediano Alto,420886.877628703,1.78,35.0,75.56,ZAF,Ingreso Mediano Alto,406920.004594074,1.56,25.0,78.6,ZAF,Ingreso Mediano Alto,380699.271814508,1.37,38.0,73.73
147,South Korea,41.0,75.06,,,,,42.0,76.3,,,,,42.0,76.57,,,,,43.0,72.11,,,,,47.0,70.83,,,,,62.0,64.87
148,South Sudan,139.0,54.35,SSD,Países De Ingreso Bajo,0.0,0.0,138.0,55.51,SSD,Países De Ingreso Bajo,0.0,0.0,139.0,54.22,SSD,Países De Ingreso Bajo,0.0,0.0,128.0,47.06,SSD,Países De Ingreso Bajo,0.0,0.0,118.0,50.62,SSD,Países De Ingreso Bajo,0.0,0.0,136.0,42.57
149,Spain,29.0,78.01,ESP,Ingreso Alto,1403496.38768627,6.52,29.0,77.84,ESP,Ingreso Alto,1289783.83697121,8.78,29.0,79.56,ESP,Ingreso Alto,1461244.90185269,6.17,32.0,76.71,ESP,Ingreso Alto,1446498.14774903,5.56,36.0,75.37,ESP,Ingreso Alto,1620090.73495689,5.84,30.0,76.01
150,Sri Lanka,126.0,60.39,LKA,Países De Ingreso Mediano Bajo,89014.9783441404,0.41,127.0,58.06,LKA,Países De Ingreso Mediano Bajo,84304.2987705329,0.57,127.0,57.8,LKA,Países De Ingreso Mediano Bajo,88609.32490197741,0.37,146.0,42.13,LKA,Países De Ingreso Mediano Bajo,74144.87002342439,0.29,135.0,45.85,LKA,Países De Ingreso Mediano Bajo,84356.8637436335,0.3,150.0,35.21
151,Sudan,175.0,27.55,SDN,Países De Ingreso Bajo,32338.0791652893,0.15,159.0,44.67,SDN,Países De Ingreso Bajo,27034.59375,0.18,159.0,47.07,SDN,Países De Ingreso Bajo,34229.5137749936,0.14,151.0,40.96,SDN,Países De Ingreso Bajo,51666.8753630963,0.2,148.0,40.83,SDN,Países De Ingreso Bajo,109265.503110904,0.39,149.0,35.73
152,Suriname,20.0,83.62,SUR,Ingreso Mediano Alto,4016.04057508796,0.02,20.0,82.5,SUR,Ingreso Mediano Alto,2911.80749620227,0.02,19.0,83.05,SUR,Ingreso Mediano Alto,3107.92319796954,0.01,52.0,68.95,SUR,Ingreso Mediano Alto,3791.6032000259,0.01,48.0,70.62,SUR,Ingreso Mediano Alto,3455.14628083975,0.01,28.0,76.11
153,Sweden,3.0,91.69,SWE,Ingreso Alto,532169.29416594,2.47,4.0,90.75,SWE,Ingreso Alto,545147.614972141,3.71,3.0,92.76,SWE,Ingreso Alto,637186.904843636,2.69,3.0,88.84,SWE,Ingreso Alto,579895.717343956,2.23,4.0,88.15,SWE,Ingreso Alto,584960.4757673199,2.11,3.0,88.32
154,Switzerland,6.0,89.48,CHE,Ingreso Alto,721369.112726724,3.35,8.0,89.38,CHE,Ingreso Alto,741999.406005627,5.05,10.0,89.45,CHE,Ingreso Alto,813408.787222499,3.43,14.0,82.72,CHE,Ingreso Alto,818426.5502064499,3.15,12.0,84.4,CHE,Ingreso Alto,884940.4022304091,3.19,9.0,84.01
155,Syria,174.0,28.22,,,,,174.0,27.43,,,,,173.0,29.37,,,,,171.0,28.94,,,,,175.0,27.22,,,,,179.0,17.41
156,Taiwan,42.0,75.02,,,,,43.0,76.24,,,,,43.0,76.14,,,,,38.0,74.08,,,,,35.0,75.54,,,,,27.0,76.13
157,Tajikistan,161.0,45.98,TJK,Países De Ingreso Mediano Bajo,8300.8135993084,0.04,161.0,44.66,TJK,Países De Ingreso Mediano Bajo,8133.9635506574205,0.06,162.0,44.48,TJK,Países De Ingreso Mediano Bajo,8937.805347139629,0.04,152.0,40.26,TJK,Países De Ingreso Mediano Bajo,10713.5252003998,0.04,153.0,39.06,TJK,Países De Ingreso Mediano Bajo,12060.6020088478,0.04,155.0,33.31
158,Tanzania,118.0,63.72,,,,,124.0,59.75,,,,,124.0,59.31,,,,,123.0,48.28,,,,,143.0,44.02,,,,,97.0,54.8
159,Thailand,136.0,55.9,THA,Ingreso Mediano Alto,543976.691793886,2.53,140.0,55.06,THA,Ingreso Mediano Alto,500461.898480246,3.41,137.0,54.78,THA,Ingreso Mediano Alto,506256.4942973401,2.14,115.0,50.15,THA,Ingreso Mediano Alto,495645.21097275097,1.91,106.0,55.24,THA,Ingreso Mediano Alto,514968.699239005,1.86,87.0,58.12
160,Timor-Leste,84.0,70.07,TLS,Países De Ingreso Mediano Bajo,2032.5504,0.01,78.0,70.1,TLS,Países De Ingreso Mediano Bajo,2162.6192,0.01,71.0,70.89,TLS,Países De Ingreso Mediano Bajo,3624.8897,0.02,17.0,81.89,TLS,Países De Ingreso Mediano Bajo,3208.594,0.01,10.0,84.49,TLS,Países De Ingreso Mediano Bajo,2079.9169,0.01,20.0,78.92
161,Togo,76.0,70.31,TGO,Países De Ingreso Bajo,6992.70010137188,0.03,71.0,70.67,TGO,Países De Ingreso Bajo,7400.28416778479,0.05,74.0,70.41,TGO,Países De Ingreso Bajo,8342.24364594438,0.04,100.0,57.17,TGO,Países De Ingreso Bajo,8169.47614895692,0.03,70.0,63.06,TGO,Países De Ingreso Bajo,9171.26183757103,0.03,113.0,50.89
162,Tonga,45.0,74.59,TON,Ingreso Mediano Alto,494.197841113077,0.0,50.0,72.73,TON,Ingreso Mediano Alto,496.85629576752,0.0,46.0,75.41,TON,Ingreso Mediano Alto,518.22801209129,0.0,49.0,69.74,TON,Ingreso Mediano Alto,518.180042241509,0.0,44.0,71.29,TON,Ingreso Mediano Alto,0.0,0.0,45.0,70.11
163,Trinidad and Tobago,39.0,75.26,,,,,36.0,76.78,,,,,31.0,78.45,,,,,25.0,78.68,,,,,30.0,76.54,,,,,25.0,76.69
164,Tunisia,72.0,70.39,TUN,Países De Ingreso Mediano Bajo,41905.642418825,0.19,72.0,70.55,TUN,Países De Ingreso Mediano Bajo,42491.780918361,0.29,73.0,70.47,TUN,Países De Ingreso Mediano Bajo,46812.290143344,0.2,94.0,58.49,TUN,Países De Ingreso Mediano Bajo,44579.7610228993,0.17,121.0,50.11,TUN,Países De Ingreso Mediano Bajo,48529.5954166533,0.18,118.0,49.97
165,Turkey,157.0,47.19,TUR,Ingreso Mediano Alto,761005.9157509251,3.53,154.0,49.98,TUR,Ingreso Mediano Alto,720338.490327248,4.9,153.0,50.21,TUR,Ingreso Mediano Alto,819865.223976115,3.46,149.0,41.25,TUR,Ingreso Mediano Alto,907118.434653505,3.49,165.0,33.97,TUR,Ingreso Mediano Alto,1118252.96426077,4.03,158.0,31.6
166,Turkmenistan,180.0,14.56,TKM,Ingreso Mediano Alto,45232.8571428571,0.21,179.0,14.56,TKM,Ingreso Mediano Alto,45818.0,0.31,178.0,19.97,TKM,Ingreso Mediano Alto,50007.428571428594,0.21,177.0,25.01,TKM,Ingreso Mediano Alto,58972.0,0.23,176.0,25.82,TKM,Ingreso Mediano Alto,60628.8571428571,0.22,175.0,22.01
167,Uganda,125.0,60.58,UGA,Países De Ingreso Bajo,35348.1550954215,0.16,125.0,59.05,UGA,Países De Ingreso Bajo,37600.3682416657,0.26,125.0,58.81,UGA,Países De Ingreso Bajo,40529.7887486737,0.17,132.0,46.35,UGA,Países De Ingreso Bajo,45565.3332109108,0.18,133.0,46.08,UGA,Países De Ingreso Bajo,48768.9558633175,0.18,128.0,46.0
168,Ukraine,102.0,67.54,UKR,Ingreso Mediano Alto,153883.047509577,0.71,96.0,67.48,UKR,Ingreso Mediano Alto,156617.72201334202,1.07,97.0,67.04,UKR,Ingreso Mediano Alto,199765.859570935,0.84,106.0,55.76,UKR,Ingreso Mediano Alto,161989.52072119,0.62,79.0,61.19,UKR,Ingreso Mediano Alto,178757.021965008,0.64,61.0,65.0
169,United Arab Emirates,133.0,56.37,ARE,Ingreso Alto,417989.721734494,1.94,131.0,57.31,ARE,Ingreso Alto,349473.015336939,2.38,131.0,56.87,ARE,Ingreso Alto,415178.792769884,1.75,138.0,44.46,ARE,Ingreso Alto,502731.935197487,1.93,145.0,42.99,ARE,Ingreso Alto,514130.432653081,1.85,160.0,30.62
170,United Kingdom,33.0,77.77,,,,,35.0,77.07,,,,,33.0,78.41,,,,,24.0,78.71,,,,,26.0,78.51,,,,,23.0,77.51
171,United States,48.0,74.31,,,,,45.0,76.15,,,,,44.0,76.07,,,,,42.0,72.74,,,,,45.0,71.22,,,,,55.0,66.59
172,Uruguay,19.0,83.94,URY,Ingreso Alto,62222.3258070578,0.29,19.0,84.21,URY,Ingreso Alto,53668.6365678667,0.37,18.0,83.62,URY,Ingreso Alto,60760.7985955436,0.26,44.0,72.03,URY,Ingreso Alto,70164.6832903776,0.27,52.0,70.33,URY,Ingreso Alto,77240.8308774597,0.28,51.0,67.7
173,Uzbekistan,160.0,46.48,UZB,Países De Ingreso Mediano Bajo,67293.6397983996,0.31,156.0,46.93,UZB,Países De Ingreso Mediano Bajo,66443.2654183086,0.45,157.0,49.26,UZB,Países De Ingreso Mediano Bajo,77340.0600030347,0.33,133.0,46.35,UZB,Países De Ingreso Mediano Bajo,90095.9265674359,0.35,137.0,45.73,UZB,Países De Ingreso Mediano Bajo,101591.769702343,0.37,148.0,37.27
174,Venezuela,148.0,50.9,,,,,147.0,54.34,,,,,148.0,52.4,,,,,159.0,37.78,,,,,159.0,36.99,,,,,156.0,33.06
175,Vietnam,176.0,25.07,,,,,175.0,25.29,,,,,175.0,21.54,,,,,174.0,26.11,,,,,178.0,24.58,,,,,174.0,22.31
176,Yemen,168.0,38.34,YEM,Países De Ingreso Bajo,0.0,0.0,167.0,41.75,YEM,Países De Ingreso Bajo,0.0,0.0,169.0,37.65,YEM,Países De Ingreso Bajo,0.0,0.0,169.0,29.14,YEM,Países De Ingreso Bajo,0.0,0.0,168.0,32.78,YEM,Países De Ingreso Bajo,0.0,0.0,154.0,33.67
177,Zambia,119.0,63.62,ZMB,Países De Ingreso Mediano Bajo,23308.6677812258,0.11,120.0,63.0,ZMB,Países De Ingreso Mediano Bajo,18137.764930651,0.12,115.0,61.79,ZMB,Países De Ingreso Mediano Bajo,22096.4169320089,0.09,109.0,55.4,ZMB,Países De Ingreso Mediano Bajo,29163.7821404858,0.11,87.0,59.41,ZMB,Países De Ingreso Mediano Bajo,27577.956471244,0.1,95.0,55.38
178,Zimbabwe,127.0,57.77,ZWE,Países De Ingreso Mediano Bajo,25717.409842447894,0.12,126.0,59.05,ZWE,Países De Ingreso Mediano Bajo,26867.9364446826,0.18,130.0,56.88,ZWE,Países De Ingreso Mediano Bajo,27240.515108804902,0.12,137.0,44.94,ZWE,Países De Ingreso Mediano Bajo,32789.7517363323,0.13,126.0,48.17,ZWE,Países De Ingreso Mediano Bajo,35231.3678858554,0.13,116.0,50.31
