country_code;Country;2019_income_group;2019_total_gdp;2020_income_group;2020_total_gdp;2021_income_group;2021_total_gdp;2022_income_group;2022_total_gdp;2023_income_group;2023_total_gdp
ABW;Aruba;INGRESO ALTO;3395798883;INGRESO ALTO;2481857123;INGRESO ALTO;2929446578;INGRESO ALTO;3279343544;INGRESO ALTO;3648573136
AFG;Afghanistan;PAÍSES DE INGRESO BAJO;18799444490;PAÍSES DE INGRESO BAJO;19955929052;PAÍSES DE INGRESO BAJO;14259995441;PAÍSES DE INGRESO BAJO;14497243872;PAÍSES DE INGRESO BAJO;17233051620
AGO;Angola;PAÍSES DE INGRESO MEDIANO BAJO;70897962732;PAÍSES DE INGRESO MEDIANO BAJO;48501561204;PAÍSES DE INGRESO MEDIANO BAJO;66505129988;PAÍSES DE INGRESO MEDIANO BAJO;104399746853;PAÍSES DE INGRESO MEDIANO BAJO;84824654482
ALB;Albania;INGRESO MEDIANO ALTO;15585105131;INGRESO MEDIANO ALTO;15241458745;INGRESO MEDIANO ALTO;18032010564;INGRESO MEDIANO ALTO;19017242586;INGRESO MEDIANO ALTO;23547179830
AND;Andorra;INGRESO ALTO;3155149348;INGRESO ALTO;2891001149;INGRESO ALTO;3324647529;INGRESO ALTO;3380612573;INGRESO ALTO;3785067332
ARE;United arab emirates;INGRESO ALTO;417989721734;INGRESO ALTO;349473015337;INGRESO ALTO;415178792770;INGRESO ALTO;502731935197;INGRESO ALTO;514130432653
ARG;Argentina;INGRESO MEDIANO ALTO;447754683615;INGRESO MEDIANO ALTO;385740508437;INGRESO MEDIANO ALTO;486564085480;INGRESO MEDIANO ALTO;632790070063;INGRESO MEDIANO ALTO;646075277525
ARM;Armenia;INGRESO MEDIANO ALTO;13619290539;INGRESO MEDIANO ALTO;12641698583;INGRESO MEDIANO ALTO;13878908629;INGRESO MEDIANO ALTO;19513506553;INGRESO MEDIANO ALTO;24085749592
ASM;American samoa;INGRESO ALTO;647000000;INGRESO ALTO;721000000;INGRESO ALTO;750000000;INGRESO ALTO;871000000;INGRESO ALTO;0
ATG;Antigua and barbuda;INGRESO ALTO;1725351852;INGRESO ALTO;1410796296;INGRESO ALTO;1601366667;INGRESO ALTO;1867733333;INGRESO ALTO;2033085185
AUS;Australia;INGRESO ALTO;1392723834563;INGRESO ALTO;1328414058378;INGRESO ALTO;1556735770437;INGRESO ALTO;1690858246994;INGRESO ALTO;1728057316696
AUT;Austria;INGRESO ALTO;442983642372;INGRESO ALTO;434397601558;INGRESO ALTO;480467037339;INGRESO ALTO;471773629830;INGRESO ALTO;511685203845
AZE;Azerbaijan;INGRESO MEDIANO ALTO;48174235294;INGRESO MEDIANO ALTO;42693000000;INGRESO MEDIANO ALTO;54825411765;INGRESO MEDIANO ALTO;78807470588;INGRESO MEDIANO ALTO;72356176471
BDI;Burundi;PAÍSES DE INGRESO BAJO;2576518880;PAÍSES DE INGRESO BAJO;2649680261;PAÍSES DE INGRESO BAJO;2775798697;PAÍSES DE INGRESO BAJO;3338722828;PAÍSES DE INGRESO BAJO;2642161669
BEL;Belgium;INGRESO ALTO;536726344405;INGRESO ALTO;529694473502;INGRESO ALTO;598494036474;INGRESO ALTO;593438820508;INGRESO ALTO;644782756683
BEN;Benin;PAÍSES DE INGRESO MEDIANO BAJO;14391686309;PAÍSES DE INGRESO MEDIANO BAJO;15651545209;PAÍSES DE INGRESO MEDIANO BAJO;17690083520;PAÍSES DE INGRESO MEDIANO BAJO;17401746309;PAÍSES DE INGRESO MEDIANO BAJO;19676049076
BFA;Burkina faso;PAÍSES DE INGRESO BAJO;16032813503;PAÍSES DE INGRESO BAJO;17725010533;PAÍSES DE INGRESO BAJO;19697516284;PAÍSES DE INGRESO BAJO;18820218691;PAÍSES DE INGRESO BAJO;20324617845
BGD;Bangladesh;PAÍSES DE INGRESO MEDIANO BAJO;351231654604;PAÍSES DE INGRESO MEDIANO BAJO;373979442362;PAÍSES DE INGRESO MEDIANO BAJO;416271647911;PAÍSES DE INGRESO MEDIANO BAJO;460131688909;PAÍSES DE INGRESO MEDIANO BAJO;437415331041
BGR;Bulgaria;INGRESO ALTO;68631726289;INGRESO ALTO;70716821235;INGRESO ALTO;84417951261;INGRESO ALTO;90642851836;INGRESO ALTO;102407653021
BHR;Bahrain;INGRESO ALTO;40446808511;INGRESO ALTO;35837632979;INGRESO ALTO;40840212766;INGRESO ALTO;46680398936;INGRESO ALTO;46079867021
BHS;Bahamas;INGRESO ALTO;13016200000;INGRESO ALTO;9958200000;INGRESO ALTO;11368900000;INGRESO ALTO;13136400000;INGRESO ALTO;14338500000
BIH;Bosnia and herzegovina;INGRESO MEDIANO ALTO;20482608755;INGRESO MEDIANO ALTO;20226036564;INGRESO MEDIANO ALTO;23672712242;INGRESO MEDIANO ALTO;24534663636;INGRESO MEDIANO ALTO;27514782476
BLR;Belarus;INGRESO MEDIANO ALTO;64410122847;INGRESO MEDIANO ALTO;61371755326;INGRESO MEDIANO ALTO;69673747132;INGRESO MEDIANO ALTO;73775179925;INGRESO MEDIANO ALTO;71857382746
BLZ;Belize;INGRESO MEDIANO ALTO;2388300000;INGRESO MEDIANO ALTO;2042850000;INGRESO MEDIANO ALTO;2420550000;INGRESO MEDIANO ALTO;2846700000;INGRESO MEDIANO ALTO;3066850000
BMU;Bermuda;INGRESO ALTO;7423465000;INGRESO ALTO;6887147000;INGRESO ALTO;7286607000;INGRESO ALTO;7827980000;INGRESO ALTO;8141700000
BOL;Bolivia (plurinational state of);PAÍSES DE INGRESO MEDIANO BAJO;40895322844;PAÍSES DE INGRESO MEDIANO BAJO;36629843805;PAÍSES DE INGRESO MEDIANO BAJO;40406111695;PAÍSES DE INGRESO MEDIANO BAJO;44008282878;PAÍSES DE INGRESO MEDIANO BAJO;45135398009
BRA;Brazil;INGRESO MEDIANO ALTO;1873288205186;INGRESO MEDIANO ALTO;1476107231194;INGRESO MEDIANO ALTO;1670647399035;INGRESO MEDIANO ALTO;1951923942083;INGRESO MEDIANO ALTO;2173665655937
BRB;Barbados;INGRESO ALTO;5788288000;INGRESO ALTO;5168344450;INGRESO ALTO;5275242050;INGRESO ALTO;6257303500;INGRESO ALTO;6720733200
BRN;Brunei darussalam;INGRESO ALTO;13469235348;INGRESO ALTO;12005799664;INGRESO ALTO;14006496614;INGRESO ALTO;16681536443;INGRESO ALTO;15128292981
BTN;Bhutan;PAÍSES DE INGRESO MEDIANO BAJO;2735683570;PAÍSES DE INGRESO MEDIANO BAJO;2457604334;PAÍSES DE INGRESO MEDIANO BAJO;2768802960;PAÍSES DE INGRESO MEDIANO BAJO;2898227743;PAÍSES DE INGRESO MEDIANO BAJO;0
BWA;Botswana;INGRESO MEDIANO ALTO;16725908149;INGRESO MEDIANO ALTO;14960291106;INGRESO MEDIANO ALTO;18750946600;INGRESO MEDIANO ALTO;20321958850;INGRESO MEDIANO ALTO;19396084498
CAF;Central african republic;PAÍSES DE INGRESO BAJO;2221301351;PAÍSES DE INGRESO BAJO;2326720900;PAÍSES DE INGRESO BAJO;2516498412;PAÍSES DE INGRESO BAJO;2382618615;PAÍSES DE INGRESO BAJO;2555492085
CAN;Canada;INGRESO ALTO;1743725183673;INGRESO ALTO;1655684730000;INGRESO ALTO;2007472181464;INGRESO ALTO;2161483369422;INGRESO ALTO;2142470914401
CHE;Switzerland;INGRESO ALTO;721369112727;INGRESO ALTO;741999406006;INGRESO ALTO;813408787222;INGRESO ALTO;818426550206;INGRESO ALTO;884940402230
CHL;Chile;INGRESO ALTO;278285058719;INGRESO ALTO;254042159309;INGRESO ALTO;315515014839;INGRESO ALTO;302116539409;INGRESO ALTO;335533331669
CHN;China;INGRESO MEDIANO ALTO;14279968506272;INGRESO MEDIANO ALTO;14687744162801;INGRESO MEDIANO ALTO;17820459508852;INGRESO MEDIANO ALTO;17881782683707;INGRESO MEDIANO ALTO;17794783039552
CIV;Côte d'ivoire;PAÍSES DE INGRESO MEDIANO BAJO;60382894697;PAÍSES DE INGRESO MEDIANO BAJO;63027852805;PAÍSES DE INGRESO MEDIANO BAJO;72794636654;PAÍSES DE INGRESO MEDIANO BAJO;70173140101;PAÍSES DE INGRESO MEDIANO BAJO;78875489245
CMR;Cameroon;PAÍSES DE INGRESO MEDIANO BAJO;39667757528;PAÍSES DE INGRESO MEDIANO BAJO;40773241177;PAÍSES DE INGRESO MEDIANO BAJO;45011937347;PAÍSES DE INGRESO MEDIANO BAJO;44347206073;PAÍSES DE INGRESO MEDIANO BAJO;49279410983
COD;Congo, democratic republic of the;PAÍSES DE INGRESO BAJO;51775829877;PAÍSES DE INGRESO BAJO;48716961860;PAÍSES DE INGRESO BAJO;55328482784;PAÍSES DE INGRESO BAJO;65801547620;PAÍSES DE INGRESO BAJO;66383287003
COG;Congo;PAÍSES DE INGRESO MEDIANO BAJO;13976637780;PAÍSES DE INGRESO MEDIANO BAJO;11468687464;PAÍSES DE INGRESO MEDIANO BAJO;14825690211;PAÍSES DE INGRESO MEDIANO BAJO;15817030155;PAÍSES DE INGRESO MEDIANO BAJO;15321055823
COL;Colombia;INGRESO MEDIANO ALTO;323031701193;INGRESO MEDIANO ALTO;270348342541;INGRESO MEDIANO ALTO;318524633225;INGRESO MEDIANO ALTO;345329875079;INGRESO MEDIANO ALTO;363493841244
COM;Comoros;PAÍSES DE INGRESO MEDIANO BAJO;1195019532;PAÍSES DE INGRESO MEDIANO BAJO;1225039197;PAÍSES DE INGRESO MEDIANO BAJO;1296089480;PAÍSES DE INGRESO MEDIANO BAJO;1242519408;PAÍSES DE INGRESO MEDIANO BAJO;1352380971
CPV;Cabo verde;PAÍSES DE INGRESO MEDIANO BAJO;2252177134;PAÍSES DE INGRESO MEDIANO BAJO;1821565618;PAÍSES DE INGRESO MEDIANO BAJO;2051842610;PAÍSES DE INGRESO MEDIANO BAJO;2247003348;PAÍSES DE INGRESO MEDIANO BAJO;2533819406
CRI;Costa rica;INGRESO MEDIANO ALTO;64417670521;INGRESO MEDIANO ALTO;62395610760;INGRESO MEDIANO ALTO;64960725734;INGRESO MEDIANO ALTO;69243626029;INGRESO MEDIANO ALTO;86497941439
CUB;Cuba;INGRESO MEDIANO ALTO;103427600000;INGRESO MEDIANO ALTO;107351800000;INGRESO MEDIANO ALTO;0;INGRESO MEDIANO ALTO;0;INGRESO MEDIANO ALTO;0
CUW;Curaçao;INGRESO ALTO;3026124134;INGRESO ALTO;2534327598;INGRESO ALTO;2739608156;INGRESO ALTO;3075180835;INGRESO ALTO;3281419347
CYM;Cayman islands;INGRESO ALTO;5941896608;INGRESO ALTO;5655358021;INGRESO ALTO;6060026520;INGRESO ALTO;6600843963;INGRESO ALTO;7139428558
CYP;Cyprus;INGRESO ALTO;26196667100;INGRESO ALTO;25555093854;INGRESO ALTO;30372874320;INGRESO ALTO;30976176887;INGRESO ALTO;33886930712
CZE;Czechia;INGRESO ALTO;256794209029;INGRESO ALTO;251109660603;INGRESO ALTO;290972714482;INGRESO ALTO;301831228326;INGRESO ALTO;343207874554
DEU;Germany;INGRESO ALTO;3957208055216;INGRESO ALTO;3940142541354;INGRESO ALTO;4348297440388;INGRESO ALTO;4163596357879;INGRESO ALTO;4525703903628
DJI;Djibouti;PAÍSES DE INGRESO MEDIANO BAJO;3088853639;PAÍSES DE INGRESO MEDIANO BAJO;3185150981;PAÍSES DE INGRESO MEDIANO BAJO;3385825229;PAÍSES DE INGRESO MEDIANO BAJO;3674298479;PAÍSES DE INGRESO MEDIANO BAJO;4098530514
DMA;Dominica;INGRESO MEDIANO ALTO;611537037;INGRESO MEDIANO ALTO;504214815;INGRESO MEDIANO ALTO;555266667;INGRESO MEDIANO ALTO;607159259;INGRESO MEDIANO ALTO;653992593
DNK;Denmark;INGRESO ALTO;345401473013;INGRESO ALTO;355631021932;INGRESO ALTO;408378204640;INGRESO ALTO;401945576108;INGRESO ALTO;407091920305
DOM;Dominican republic;INGRESO MEDIANO ALTO;88941372558;INGRESO MEDIANO ALTO;78844656298;INGRESO MEDIANO ALTO;94243425938;INGRESO MEDIANO ALTO;113537368176;INGRESO MEDIANO ALTO;121444279314
DZA;Algeria;INGRESO MEDIANO ALTO;193459662091;INGRESO MEDIANO ALTO;164873415325;INGRESO MEDIANO ALTO;186231205262;INGRESO MEDIANO ALTO;225638456572;INGRESO MEDIANO ALTO;247626161016
ECU;Ecuador;INGRESO MEDIANO ALTO;107595829000;INGRESO MEDIANO ALTO;95865472000;INGRESO MEDIANO ALTO;107435101000;INGRESO MEDIANO ALTO;116586079000;INGRESO MEDIANO ALTO;118844826000
EGY;Egypt;PAÍSES DE INGRESO MEDIANO BAJO;318678815490;PAÍSES DE INGRESO MEDIANO BAJO;383817841547;PAÍSES DE INGRESO MEDIANO BAJO;424671765456;PAÍSES DE INGRESO MEDIANO BAJO;476747720365;PAÍSES DE INGRESO MEDIANO BAJO;396002496997
ERI;Eritrea;PAÍSES DE INGRESO BAJO;0;PAÍSES DE INGRESO BAJO;0;PAÍSES DE INGRESO BAJO;0;PAÍSES DE INGRESO BAJO;0;PAÍSES DE INGRESO BAJO;0
ESP;Spain;INGRESO ALTO;1403496387686;INGRESO ALTO;1289783836971;INGRESO ALTO;1461244901853;INGRESO ALTO;1446498147749;INGRESO ALTO;1620090734957
EST;Estonia;INGRESO ALTO;31873748770;INGRESO ALTO;31820771494;INGRESO ALTO;37204563051;INGRESO ALTO;38376046175;INGRESO ALTO;41291245222
ETH;Ethiopia;PAÍSES DE INGRESO BAJO;95912607722;PAÍSES DE INGRESO BAJO;107657734392;PAÍSES DE INGRESO BAJO;111261882958;PAÍSES DE INGRESO BAJO;126772703048;PAÍSES DE INGRESO BAJO;163697927594
FIN;Finland;INGRESO ALTO;267014821129;INGRESO ALTO;270000311606;INGRESO ALTO;294223210496;INGRESO ALTO;280241515774;INGRESO ALTO;295532341255
FJI;Fiji;INGRESO MEDIANO ALTO;5444407214;INGRESO MEDIANO ALTO;4432466237;INGRESO MEDIANO ALTO;4305031631;INGRESO MEDIANO ALTO;4969503561;INGRESO MEDIANO ALTO;5442046565
FRA;France;INGRESO ALTO;2722793515172;INGRESO ALTO;2647926055110;INGRESO ALTO;2966433692008;INGRESO ALTO;2796302210399;INGRESO ALTO;3051831611385
FRO;Faroe islands;INGRESO ALTO;3266432734;INGRESO ALTO;3271813312;INGRESO ALTO;3664686797;INGRESO ALTO;3566698398;INGRESO ALTO;3907323961
FSM;Micronesia (federated states of);PAÍSES DE INGRESO MEDIANO BAJO;394000000;PAÍSES DE INGRESO MEDIANO BAJO;372000000;PAÍSES DE INGRESO MEDIANO BAJO;390000000;PAÍSES DE INGRESO MEDIANO BAJO;430000000;PAÍSES DE INGRESO MEDIANO BAJO;460000000
GAB;Gabon;INGRESO MEDIANO ALTO;16874405465;INGRESO MEDIANO ALTO;15342236164;INGRESO MEDIANO ALTO;19444935097;INGRESO MEDIANO ALTO;20440655695;INGRESO MEDIANO ALTO;19388402542
GBR;United kingdom of great britain and northern ireland;INGRESO ALTO;2851407164908;INGRESO ALTO;2696778386608;INGRESO ALTO;3143323050707;INGRESO ALTO;3114042471144;INGRESO ALTO;3380854520810
GEO;Georgia;INGRESO MEDIANO ALTO;17638337117;INGRESO MEDIANO ALTO;16010869216;INGRESO MEDIANO ALTO;18853115589;INGRESO MEDIANO ALTO;24984568960;INGRESO MEDIANO ALTO;30777833585
GHA;Ghana;PAÍSES DE INGRESO MEDIANO BAJO;68337969248;PAÍSES DE INGRESO MEDIANO BAJO;70043099676;PAÍSES DE INGRESO MEDIANO BAJO;79524421861;PAÍSES DE INGRESO MEDIANO BAJO;74263364042;PAÍSES DE INGRESO MEDIANO BAJO;76370396722
GIB;Gibraltar;INGRESO ALTO;0;INGRESO ALTO;0;INGRESO ALTO;0;INGRESO ALTO;0;INGRESO ALTO;0
GIN;Guinea;PAÍSES DE INGRESO MEDIANO BAJO;13442861496;PAÍSES DE INGRESO MEDIANO BAJO;14088693743;PAÍSES DE INGRESO MEDIANO BAJO;17069115738;PAÍSES DE INGRESO MEDIANO BAJO;19910452542;PAÍSES DE INGRESO MEDIANO BAJO;22199409741
GMB;Gambia;PAÍSES DE INGRESO BAJO;1813609692;PAÍSES DE INGRESO BAJO;1812170891;PAÍSES DE INGRESO BAJO;2014158842;PAÍSES DE INGRESO BAJO;2204734528;PAÍSES DE INGRESO BAJO;2396111022
GNB;Guinea-bissau;PAÍSES DE INGRESO BAJO;1588638854;PAÍSES DE INGRESO BAJO;1646400350;PAÍSES DE INGRESO BAJO;1853796456;PAÍSES DE INGRESO BAJO;1796608531;PAÍSES DE INGRESO BAJO;2048348108
GNQ;Equatorial guinea;INGRESO MEDIANO ALTO;11364133550;INGRESO MEDIANO ALTO;9893816008;INGRESO MEDIANO ALTO;12215878033;INGRESO MEDIANO ALTO;13687643436;INGRESO MEDIANO ALTO;12337550584
GRC;Greece;INGRESO ALTO;207305649887;INGRESO ALTO;191362985555;INGRESO ALTO;218303801895;INGRESO ALTO;218880566444;INGRESO ALTO;243498333238
GRD;Grenada;INGRESO MEDIANO ALTO;1213485185;INGRESO MEDIANO ALTO;1043411111;INGRESO MEDIANO ALTO;1122800000;INGRESO MEDIANO ALTO;1224577778;INGRESO MEDIANO ALTO;1316733333
GRL;Greenland;INGRESO ALTO;2997309972;INGRESO ALTO;3082884653;INGRESO ALTO;3235809504;INGRESO ALTO;0;INGRESO ALTO;0
GTM;Guatemala;INGRESO MEDIANO ALTO;77172317259;INGRESO MEDIANO ALTO;77719464221;INGRESO MEDIANO ALTO;86478835636;INGRESO MEDIANO ALTO;95630524813;INGRESO MEDIANO ALTO;104450210572
GUM;Guam;INGRESO ALTO;6355000000;INGRESO ALTO;5916000000;INGRESO ALTO;6234000000;INGRESO ALTO;6910000000;INGRESO ALTO;0
GUY;Guyana;INGRESO ALTO;5173760192;INGRESO ALTO;5471256595;INGRESO ALTO;8041363893;INGRESO ALTO;14718387017;INGRESO ALTO;17159509565
HKG;Hong kong;INGRESO ALTO;363074545072;INGRESO ALTO;344943149590;INGRESO ALTO;368954169749;INGRESO ALTO;358681066274;INGRESO ALTO;380812234828
HND;Honduras;PAÍSES DE INGRESO MEDIANO BAJO;24882225742;PAÍSES DE INGRESO MEDIANO BAJO;23352232484;PAÍSES DE INGRESO MEDIANO BAJO;28144331507;PAÍSES DE INGRESO MEDIANO BAJO;31426041807;PAÍSES DE INGRESO MEDIANO BAJO;34400509852
HRV;Croatia;INGRESO ALTO;61467582194;INGRESO ALTO;57963370885;INGRESO ALTO;69006802299;INGRESO ALTO;71198635102;INGRESO ALTO;84393795502
HTI;Haiti;PAÍSES DE INGRESO MEDIANO BAJO;15016090930;PAÍSES DE INGRESO MEDIANO BAJO;14508222518;PAÍSES DE INGRESO MEDIANO BAJO;20877414953;PAÍSES DE INGRESO MEDIANO BAJO;20253551921;PAÍSES DE INGRESO MEDIANO BAJO;19850829758
HUN;Hungary;INGRESO ALTO;164020460332;INGRESO ALTO;157288955508;INGRESO ALTO;182109999478;INGRESO ALTO;177006128625;INGRESO ALTO;212388906459
IDN;Indonesia;INGRESO MEDIANO ALTO;1119099871386;INGRESO MEDIANO ALTO;1059054842712;INGRESO MEDIANO ALTO;1186509691071;INGRESO MEDIANO ALTO;1319076267292;INGRESO MEDIANO ALTO;1371171152331
IMN;Isle of man;INGRESO ALTO;7314967866;INGRESO ALTO;6684225641;INGRESO ALTO;7931193222;INGRESO ALTO;0;INGRESO ALTO;0
IND;India;PAÍSES DE INGRESO MEDIANO BAJO;2835606256558;PAÍSES DE INGRESO MEDIANO BAJO;2674851578587;PAÍSES DE INGRESO MEDIANO BAJO;3167270623260;PAÍSES DE INGRESO MEDIANO BAJO;3353470496886;PAÍSES DE INGRESO MEDIANO BAJO;3567551674623
IRL;Ireland;INGRESO ALTO;407124824065;INGRESO ALTO;436555518400;INGRESO ALTO;531306516908;INGRESO ALTO;548570250342;INGRESO ALTO;551394889340
IRN;Iran (islamic republic of);INGRESO MEDIANO ALTO;333519146339;INGRESO MEDIANO ALTO;262186179356;INGRESO MEDIANO ALTO;383436202447;INGRESO MEDIANO ALTO;394362621793;INGRESO MEDIANO ALTO;404625655205
IRQ;Iraq;INGRESO MEDIANO ALTO;233636097800;INGRESO MEDIANO ALTO;180898797517;INGRESO MEDIANO ALTO;209691945713;INGRESO MEDIANO ALTO;286640340966;INGRESO MEDIANO ALTO;250842782139
ISL;Iceland;INGRESO ALTO;24681343649;INGRESO ALTO;21629953194;INGRESO ALTO;25825287184;INGRESO ALTO;28770206627;INGRESO ALTO;31325116556
ISR;Israel;INGRESO ALTO;399651065198;INGRESO ALTO;411728563087;INGRESO ALTO;489708278893;INGRESO ALTO;525000415277;INGRESO ALTO;513611100816
ITA;Italy;INGRESO ALTO;2019606796584;INGRESO ALTO;1907481094079;INGRESO ALTO;2179207773596;INGRESO ALTO;2102995942720;INGRESO ALTO;2300941152992
JAM;Jamaica;INGRESO MEDIANO ALTO;15830766571;INGRESO MEDIANO ALTO;13812421803;INGRESO MEDIANO ALTO;14657586127;INGRESO MEDIANO ALTO;17097760724;INGRESO MEDIANO ALTO;19423355409
JOR;Jordan;PAÍSES DE INGRESO MEDIANO BAJO;44503006338;PAÍSES DE INGRESO MEDIANO BAJO;43700383099;PAÍSES DE INGRESO MEDIANO BAJO;46296100141;PAÍSES DE INGRESO MEDIANO BAJO;48764963380;PAÍSES DE INGRESO MEDIANO BAJO;50967475352
JPN;Japan;INGRESO ALTO;5117993853017;INGRESO ALTO;5055587093502;INGRESO ALTO;5034620784585;INGRESO ALTO;4256410760724;INGRESO ALTO;4204494802432
KAZ;Kazakhstan;INGRESO MEDIANO ALTO;181667184855;INGRESO MEDIANO ALTO;171082365861;INGRESO MEDIANO ALTO;197112255361;INGRESO MEDIANO ALTO;225496328925;INGRESO MEDIANO ALTO;262641892079
KEN;Kenya;PAÍSES DE INGRESO MEDIANO BAJO;100378436207;PAÍSES DE INGRESO MEDIANO BAJO;100657505751;PAÍSES DE INGRESO MEDIANO BAJO;109703658905;PAÍSES DE INGRESO MEDIANO BAJO;114448978153;PAÍSES DE INGRESO MEDIANO BAJO;108038588971
KGZ;Kyrgyzstan;PAÍSES DE INGRESO MEDIANO BAJO;9371275264;PAÍSES DE INGRESO MEDIANO BAJO;8270468614;PAÍSES DE INGRESO MEDIANO BAJO;9249133946;PAÍSES DE INGRESO MEDIANO BAJO;12134931018;PAÍSES DE INGRESO MEDIANO BAJO;13987627909
KHM;Cambodia;PAÍSES DE INGRESO MEDIANO BAJO;36685356408;PAÍSES DE INGRESO MEDIANO BAJO;34818073901;PAÍSES DE INGRESO MEDIANO BAJO;36790163687;PAÍSES DE INGRESO MEDIANO BAJO;39994532960;PAÍSES DE INGRESO MEDIANO BAJO;42335646896
KIR;Kiribati;PAÍSES DE INGRESO MEDIANO BAJO;216985362;PAÍSES DE INGRESO MEDIANO BAJO;223123621;PAÍSES DE INGRESO MEDIANO BAJO;289339292;PAÍSES DE INGRESO MEDIANO BAJO;270841698;PAÍSES DE INGRESO MEDIANO BAJO;279208903
KNA;Saint kitts and nevis;INGRESO ALTO;1107855556;INGRESO ALTO;883922222;INGRESO ALTO;858622222;INGRESO ALTO;981429630;INGRESO ALTO;1055499778
KOR;Korea, republic of;INGRESO ALTO;1651422932448;INGRESO ALTO;1644312831906;INGRESO ALTO;1818432106880;INGRESO ALTO;1673916511800;INGRESO ALTO;1712792854202
KWT;Kuwait;INGRESO ALTO;140856394870;INGRESO ALTO;111045470461;INGRESO ALTO;148459291453;INGRESO ALTO;183940215065;INGRESO ALTO;163704878876
LAO;Lao people's democratic republic;PAÍSES DE INGRESO MEDIANO BAJO;18740561513;PAÍSES DE INGRESO MEDIANO BAJO;18981805250;PAÍSES DE INGRESO MEDIANO BAJO;18827148531;PAÍSES DE INGRESO MEDIANO BAJO;15468785204;PAÍSES DE INGRESO MEDIANO BAJO;15843155731
LBN;Lebanon;PAÍSES DE INGRESO MEDIANO BAJO;51605959131;PAÍSES DE INGRESO MEDIANO BAJO;31712128254;PAÍSES DE INGRESO MEDIANO BAJO;23131941557;PAÍSES DE INGRESO MEDIANO BAJO;20992421949;PAÍSES DE INGRESO MEDIANO BAJO;0
LBR;Liberia;PAÍSES DE INGRESO BAJO;3319596500;PAÍSES DE INGRESO BAJO;3176126300;PAÍSES DE INGRESO BAJO;3513049500;PAÍSES DE INGRESO BAJO;4001047000;PAÍSES DE INGRESO BAJO;4240000000
LBY;Libya;INGRESO MEDIANO ALTO;69254496472;INGRESO MEDIANO ALTO;46854285441;INGRESO MEDIANO ALTO;35217995647;INGRESO MEDIANO ALTO;43246297922;INGRESO MEDIANO ALTO;45096462972
LCA;Saint lucia;INGRESO MEDIANO ALTO;2095370370;INGRESO MEDIANO ALTO;1499296296;INGRESO MEDIANO ALTO;1867185185;INGRESO MEDIANO ALTO;2342703704;INGRESO MEDIANO ALTO;2430148148
LIE;Liechtenstein;INGRESO ALTO;6436467007;INGRESO ALTO;6405870210;INGRESO ALTO;7710380086;INGRESO ALTO;7361504432;INGRESO ALTO;0
LKA;Sri lanka;PAÍSES DE INGRESO MEDIANO BAJO;89014978344;PAÍSES DE INGRESO MEDIANO BAJO;84304298771;PAÍSES DE INGRESO MEDIANO BAJO;88609324902;PAÍSES DE INGRESO MEDIANO BAJO;74144870023;PAÍSES DE INGRESO MEDIANO BAJO;84356863744
LSO;Lesotho;PAÍSES DE INGRESO MEDIANO BAJO;2390702296;PAÍSES DE INGRESO MEDIANO BAJO;2053699870;PAÍSES DE INGRESO MEDIANO BAJO;2412130057;PAÍSES DE INGRESO MEDIANO BAJO;2354683089;PAÍSES DE INGRESO MEDIANO BAJO;2117962451
LTU;Lithuania;INGRESO ALTO;55122066226;INGRESO ALTO;57412038533;INGRESO ALTO;67037321009;INGRESO ALTO;71033884500;INGRESO ALTO;79789877416
LUX;Luxembourg;INGRESO ALTO;69890505324;INGRESO ALTO;73699366700;INGRESO ALTO;85584105994;INGRESO ALTO;81641807866;INGRESO ALTO;85755006124
LVA;Latvia;INGRESO ALTO;33099503951;INGRESO ALTO;33379927435;INGRESO ALTO;38185125733;INGRESO ALTO;38018905782;INGRESO ALTO;42247850065
MAC;Macao;INGRESO ALTO;55082293844;INGRESO ALTO;25343525936;INGRESO ALTO;30969334705;INGRESO ALTO;24999113476;INGRESO ALTO;45803067940
MAF;Saint martin (french part);INGRESO ALTO;652206037;INGRESO ALTO;0;INGRESO ALTO;649206263;INGRESO ALTO;0;INGRESO ALTO;0
MAR;Morocco;PAÍSES DE INGRESO MEDIANO BAJO;128920266409;PAÍSES DE INGRESO MEDIANO BAJO;121353645057;PAÍSES DE INGRESO MEDIANO BAJO;142022058447;PAÍSES DE INGRESO MEDIANO BAJO;130951926351;PAÍSES DE INGRESO MEDIANO BAJO;144417103250
MCO;Monaco;INGRESO ALTO;7383496254;INGRESO ALTO;6730736283;INGRESO ALTO;8623242743;INGRESO ALTO;8800430486;INGRESO ALTO;9995350547
MDA;Moldova, republic of;INGRESO MEDIANO ALTO;11736797055;INGRESO MEDIANO ALTO;11530746234;INGRESO MEDIANO ALTO;13691869264;INGRESO MEDIANO ALTO;14510490660;INGRESO MEDIANO ALTO;16539436547
MDG;Madagascar;PAÍSES DE INGRESO BAJO;14104664679;PAÍSES DE INGRESO BAJO;13051441204;PAÍSES DE INGRESO BAJO;14554754117;PAÍSES DE INGRESO BAJO;15134700203;PAÍSES DE INGRESO BAJO;15790113247
MDV;Maldives;INGRESO MEDIANO ALTO;5726094799;INGRESO MEDIANO ALTO;3712604583;INGRESO MEDIANO ALTO;5252457370;INGRESO MEDIANO ALTO;6177118114;INGRESO MEDIANO ALTO;6590894302
MEX;Mexico;INGRESO MEDIANO ALTO;1304106203695;INGRESO MEDIANO ALTO;1121064767262;INGRESO MEDIANO ALTO;1316569466933;INGRESO MEDIANO ALTO;1464312692332;INGRESO MEDIANO ALTO;1789114434843
MHL;Marshall islands;INGRESO MEDIANO ALTO;232900000;INGRESO MEDIANO ALTO;241800000;INGRESO MEDIANO ALTO;258900000;INGRESO MEDIANO ALTO;253400000;INGRESO MEDIANO ALTO;259300000
MKD;North macedonia;INGRESO MEDIANO ALTO;12606338449;INGRESO MEDIANO ALTO;12361036914;INGRESO MEDIANO ALTO;14000283827;INGRESO MEDIANO ALTO;13932436550;INGRESO MEDIANO ALTO;15763621848
MLI;Mali;PAÍSES DE INGRESO BAJO;17280250810;PAÍSES DE INGRESO BAJO;17465392764;PAÍSES DE INGRESO BAJO;19309463508;PAÍSES DE INGRESO BAJO;18780322204;PAÍSES DE INGRESO BAJO;20661794596
MLT;Malta;INGRESO ALTO;16337793531;INGRESO ALTO;16385919536;INGRESO ALTO;19718565605;INGRESO ALTO;19209979975;INGRESO ALTO;22328640242
MMR;Myanmar;PAÍSES DE INGRESO MEDIANO BAJO;75065106228;PAÍSES DE INGRESO MEDIANO BAJO;79006113643;PAÍSES DE INGRESO MEDIANO BAJO;66345291160;PAÍSES DE INGRESO MEDIANO BAJO;62253049892;PAÍSES DE INGRESO MEDIANO BAJO;66757619000
MNE;Montenegro;INGRESO MEDIANO ALTO;5542054181;INGRESO MEDIANO ALTO;4769996866;INGRESO MEDIANO ALTO;5861427505;INGRESO MEDIANO ALTO;6229801581;INGRESO MEDIANO ALTO;7530593375
MNG;Mongolia;INGRESO MEDIANO ALTO;14206359018;INGRESO MEDIANO ALTO;13312981429;INGRESO MEDIANO ALTO;15286441738;INGRESO MEDIANO ALTO;17146471714;INGRESO MEDIANO ALTO;20325121394
MNP;Northern mariana islands;INGRESO ALTO;1179000000;INGRESO ALTO;866000000;INGRESO ALTO;914000000;INGRESO ALTO;1096000000;INGRESO ALTO;0
MOZ;Mozambique;PAÍSES DE INGRESO BAJO;15512759047;PAÍSES DE INGRESO BAJO;14235420174;PAÍSES DE INGRESO BAJO;16168055475;PAÍSES DE INGRESO BAJO;18883528581;PAÍSES DE INGRESO BAJO;20954220984
MRT;Mauritania;PAÍSES DE INGRESO MEDIANO BAJO;7894764886;PAÍSES DE INGRESO MEDIANO BAJO;8260752385;PAÍSES DE INGRESO MEDIANO BAJO;9222536364;PAÍSES DE INGRESO MEDIANO BAJO;9557966698;PAÍSES DE INGRESO MEDIANO BAJO;10651709411
MUS;Mauritius;INGRESO MEDIANO ALTO;14436346980;INGRESO MEDIANO ALTO;11408106446;INGRESO MEDIANO ALTO;11484348858;INGRESO MEDIANO ALTO;12927979286;INGRESO MEDIANO ALTO;14644524819
MWI;Malawi;PAÍSES DE INGRESO BAJO;11051865580;PAÍSES DE INGRESO BAJO;11769313598;PAÍSES DE INGRESO BAJO;12378129751;PAÍSES DE INGRESO BAJO;12429060151;PAÍSES DE INGRESO BAJO;12712150082
MYS;Malaysia;INGRESO MEDIANO ALTO;365177721022;INGRESO MEDIANO ALTO;337456163961;INGRESO MEDIANO ALTO;373784823673;INGRESO MEDIANO ALTO;407605841348;INGRESO MEDIANO ALTO;399705169318
NAM;Namibia;INGRESO MEDIANO ALTO;12541928303;INGRESO MEDIANO ALTO;10583748542;INGRESO MEDIANO ALTO;12402486184;INGRESO MEDIANO ALTO;12567271005;INGRESO MEDIANO ALTO;12351025067
NCL;New caledonia;INGRESO ALTO;9475655325;INGRESO ALTO;9454629468;INGRESO ALTO;10071349664;INGRESO ALTO;9623318718;INGRESO ALTO;0
NER;Niger;PAÍSES DE INGRESO BAJO;12889555561;PAÍSES DE INGRESO BAJO;13744653103;PAÍSES DE INGRESO BAJO;14915002436;PAÍSES DE INGRESO BAJO;15433852712;PAÍSES DE INGRESO BAJO;16819170421
NGA;Nigeria;PAÍSES DE INGRESO MEDIANO BAJO;474517490844;PAÍSES DE INGRESO MEDIANO BAJO;432198898468;PAÍSES DE INGRESO MEDIANO BAJO;440833635874;PAÍSES DE INGRESO MEDIANO BAJO;477403400101;PAÍSES DE INGRESO MEDIANO BAJO;363846332835
NIC;Nicaragua;PAÍSES DE INGRESO MEDIANO BAJO;12699028890;PAÍSES DE INGRESO MEDIANO BAJO;12681569254;PAÍSES DE INGRESO MEDIANO BAJO;14144060853;PAÍSES DE INGRESO MEDIANO BAJO;15649897117;PAÍSES DE INGRESO MEDIANO BAJO;17829218219
NLD;Netherlands;INGRESO ALTO;928903005576;INGRESO ALTO;932560861701;INGRESO ALTO;1054472123450;INGRESO ALTO;1046540797549;INGRESO ALTO;1154361305398
NOR;Norway;INGRESO ALTO;408742840909;INGRESO ALTO;367633418887;INGRESO ALTO;503367986030;INGRESO ALTO;593726965416;INGRESO ALTO;485310823604
NPL;Nepal;PAÍSES DE INGRESO MEDIANO BAJO;34186180699;PAÍSES DE INGRESO MEDIANO BAJO;33433659301;PAÍSES DE INGRESO MEDIANO BAJO;36924841394;PAÍSES DE INGRESO MEDIANO BAJO;41182939601;PAÍSES DE INGRESO MEDIANO BAJO;40908073367
NRU;Nauru;INGRESO ALTO;124871111;INGRESO ALTO;124530027;INGRESO ALTO;175513985;INGRESO ALTO;156803087;INGRESO ALTO;154170289
NZL;New zealand;INGRESO ALTO;212846907683;INGRESO ALTO;212697530898;INGRESO ALTO;253644079785;INGRESO ALTO;246733522841;INGRESO ALTO;252175506110
OMN;Oman;INGRESO ALTO;88060858257;INGRESO ALTO;75909492848;INGRESO ALTO;87323797139;INGRESO ALTO;111943823147;INGRESO ALTO;108810923277
PAK;Pakistan;PAÍSES DE INGRESO MEDIANO BAJO;320909472771;PAÍSES DE INGRESO MEDIANO BAJO;300425609818;PAÍSES DE INGRESO MEDIANO BAJO;348516647445;PAÍSES DE INGRESO MEDIANO BAJO;374890295667;PAÍSES DE INGRESO MEDIANO BAJO;337912301398
PAN;Panama;INGRESO ALTO;69778991200;INGRESO ALTO;57059846500;INGRESO ALTO;67396392500;INGRESO ALTO;76276116700;INGRESO ALTO;83318176900
PER;Peru;INGRESO MEDIANO ALTO;228346006004;INGRESO MEDIANO ALTO;201409694756;INGRESO MEDIANO ALTO;226354278281;INGRESO MEDIANO ALTO;246488757636;INGRESO MEDIANO ALTO;267603248655
PHL;Philippines;PAÍSES DE INGRESO MEDIANO BAJO;376823402245;PAÍSES DE INGRESO MEDIANO BAJO;361751145452;PAÍSES DE INGRESO MEDIANO BAJO;394087359848;PAÍSES DE INGRESO MEDIANO BAJO;404353369605;PAÍSES DE INGRESO MEDIANO BAJO;437146372730
PLW;Palau;INGRESO ALTO;281941562;INGRESO ALTO;258990844;INGRESO ALTO;235752906;INGRESO ALTO;255591062;INGRESO ALTO;281849062
PNG;Papua new guinea;PAÍSES DE INGRESO MEDIANO BAJO;24750626041;PAÍSES DE INGRESO MEDIANO BAJO;23848447850;PAÍSES DE INGRESO MEDIANO BAJO;26109413522;PAÍSES DE INGRESO MEDIANO BAJO;31647277767;PAÍSES DE INGRESO MEDIANO BAJO;30729242919
POL;Poland;INGRESO ALTO;602683770145;INGRESO ALTO;605914237904;INGRESO ALTO;689170230665;INGRESO ALTO;695607470875;INGRESO ALTO;809200697797
PRI;Puerto rico;INGRESO ALTO;105126400000;INGRESO ALTO;103130900000;INGRESO ALTO;106426600000;INGRESO ALTO;113567200000;INGRESO ALTO;117902300000
PRK;Korea (democratic people's republic of);PAÍSES DE INGRESO BAJO;0;PAÍSES DE INGRESO BAJO;0;PAÍSES DE INGRESO BAJO;0;PAÍSES DE INGRESO BAJO;0;PAÍSES DE INGRESO BAJO;0
PRT;Portugal;INGRESO ALTO;240115970063;INGRESO ALTO;229618773423;INGRESO ALTO;256055879091;INGRESO ALTO;256898675069;INGRESO ALTO;289114289664
PRY;Paraguay;INGRESO MEDIANO ALTO;37925338329;INGRESO MEDIANO ALTO;35432178068;INGRESO MEDIANO ALTO;39950899939;INGRESO MEDIANO ALTO;41952910858;INGRESO MEDIANO ALTO;42956263544
PSE;Palestine, state of;PAÍSES DE INGRESO MEDIANO BAJO;17133500000;PAÍSES DE INGRESO MEDIANO BAJO;15531700000;PAÍSES DE INGRESO MEDIANO BAJO;18109000000;PAÍSES DE INGRESO MEDIANO BAJO;19165500000;PAÍSES DE INGRESO MEDIANO BAJO;17420800000
PYF;French polynesia;INGRESO ALTO;6022276196;INGRESO ALTO;5792545871;INGRESO ALTO;6150640646;INGRESO ALTO;5814661209;INGRESO ALTO;0
QAT;Qatar;INGRESO ALTO;176371267689;INGRESO ALTO;144411363345;INGRESO ALTO;179732009555;INGRESO ALTO;235709325708;INGRESO ALTO;213002809330
ROU;Romania;INGRESO ALTO;251677082534;INGRESO ALTO;252033792712;INGRESO ALTO;286578196368;INGRESO ALTO;296354358293;INGRESO ALTO;350775856415
RUS;Russian federation;INGRESO ALTO;1693115002708;INGRESO ALTO;1493075894362;INGRESO ALTO;1843392293734;INGRESO ALTO;2266029240645;INGRESO ALTO;2021421476035
RWA;Rwanda;PAÍSES DE INGRESO BAJO;10349300380;PAÍSES DE INGRESO BAJO;10174387374;PAÍSES DE INGRESO BAJO;11069280650;PAÍSES DE INGRESO BAJO;13316160895;PAÍSES DE INGRESO BAJO;14097768472
SAU;Saudi arabia;INGRESO ALTO;838564800000;INGRESO ALTO;734271200000;INGRESO ALTO;874156000000;INGRESO ALTO;1108571466667;INGRESO ALTO;1067582933333
SDN;Sudan;PAÍSES DE INGRESO BAJO;32338079165;PAÍSES DE INGRESO BAJO;27034593750;PAÍSES DE INGRESO BAJO;34229513775;PAÍSES DE INGRESO BAJO;51666875363;PAÍSES DE INGRESO BAJO;109265503111
SEN;Senegal;PAÍSES DE INGRESO MEDIANO BAJO;23403995992;PAÍSES DE INGRESO MEDIANO BAJO;24530513038;PAÍSES DE INGRESO MEDIANO BAJO;27520784130;PAÍSES DE INGRESO MEDIANO BAJO;27619479060;PAÍSES DE INGRESO MEDIANO BAJO;30848333084
SGP;Singapore;INGRESO ALTO;376901649222;INGRESO ALTO;349488382611;INGRESO ALTO;434111559283;INGRESO ALTO;498474540988;INGRESO ALTO;501427500080
SLB;Solomon islands;PAÍSES DE INGRESO MEDIANO BAJO;1619155017;PAÍSES DE INGRESO MEDIANO BAJO;1536145814;PAÍSES DE INGRESO MEDIANO BAJO;1522794913;PAÍSES DE INGRESO MEDIANO BAJO;1566360686;PAÍSES DE INGRESO MEDIANO BAJO;1633319401
SLE;Sierra leone;PAÍSES DE INGRESO BAJO;6523577590;PAÍSES DE INGRESO BAJO;6688594758;PAÍSES DE INGRESO BAJO;7165214368;PAÍSES DE INGRESO BAJO;7119137322;PAÍSES DE INGRESO BAJO;6411869546
SLV;El salvador;INGRESO MEDIANO ALTO;26881140000;INGRESO MEDIANO ALTO;24921190000;INGRESO MEDIANO ALTO;29043140000;INGRESO MEDIANO ALTO;31988920000;INGRESO MEDIANO ALTO;34015620000
SMR;San marino;INGRESO ALTO;1616232125;INGRESO ALTO;1544714493;INGRESO ALTO;1855396000;INGRESO ALTO;1831700577;INGRESO ALTO;0
SOM;Somalia;PAÍSES DE INGRESO BAJO;8655023960;PAÍSES DE INGRESO BAJO;8628393720;PAÍSES DE INGRESO BAJO;9483997404;PAÍSES DE INGRESO BAJO;10202767270;PAÍSES DE INGRESO BAJO;10968517090
SRB;Serbia;INGRESO MEDIANO ALTO;53864693665;INGRESO MEDIANO ALTO;55874017669;INGRESO MEDIANO ALTO;66159884073;INGRESO MEDIANO ALTO;66797564758;INGRESO MEDIANO ALTO;81342660752
SSD;South sudan;PAÍSES DE INGRESO BAJO;0;PAÍSES DE INGRESO BAJO;0;PAÍSES DE INGRESO BAJO;0;PAÍSES DE INGRESO BAJO;0;PAÍSES DE INGRESO BAJO;0
STP;Sao tome and principe;PAÍSES DE INGRESO MEDIANO BAJO;412976083;PAÍSES DE INGRESO MEDIANO BAJO;471229485;PAÍSES DE INGRESO MEDIANO BAJO;524402456;PAÍSES DE INGRESO MEDIANO BAJO;540809499;PAÍSES DE INGRESO MEDIANO BAJO;678976265
SUR;Suriname;INGRESO MEDIANO ALTO;4016040575;INGRESO MEDIANO ALTO;2911807496;INGRESO MEDIANO ALTO;3107923198;INGRESO MEDIANO ALTO;3791603200;INGRESO MEDIANO ALTO;3455146281
SVK;Slovakia;INGRESO ALTO;105843498304;INGRESO ALTO;107732602896;INGRESO ALTO;120592216208;INGRESO ALTO;115928615553;INGRESO ALTO;132908336234
SVN;Slovenia;INGRESO ALTO;53909922736;INGRESO ALTO;53384760135;INGRESO ALTO;61529280461;INGRESO ALTO;59927702746;INGRESO ALTO;69148468417
SWE;Sweden;INGRESO ALTO;532169294166;INGRESO ALTO;545147614972;INGRESO ALTO;637186904844;INGRESO ALTO;579895717344;INGRESO ALTO;584960475767
SWZ;Eswatini;PAÍSES DE INGRESO MEDIANO BAJO;4594818143;PAÍSES DE INGRESO MEDIANO BAJO;4105756863;PAÍSES DE INGRESO MEDIANO BAJO;4737671576;PAÍSES DE INGRESO MEDIANO BAJO;4695372785;PAÍSES DE INGRESO MEDIANO BAJO;4442875788
SXM;Sint maarten (dutch part);INGRESO ALTO;1407880447;INGRESO ALTO;1236428101;INGRESO ALTO;1353071061;INGRESO ALTO;1537088715;INGRESO ALTO;1627776949
SYC;Seychelles;INGRESO ALTO;1868690097;INGRESO ALTO;1382551752;INGRESO ALTO;1487173795;INGRESO ALTO;2057968520;INGRESO ALTO;2141450171
SYR;Syrian arab republic;PAÍSES DE INGRESO BAJO;22583045060;PAÍSES DE INGRESO BAJO;12047752036;PAÍSES DE INGRESO BAJO;14353205678;PAÍSES DE INGRESO BAJO;23622827080;PAÍSES DE INGRESO BAJO;0
TCA;Turks and caicos islands;INGRESO ALTO;1177285212;INGRESO ALTO;774653669;INGRESO ALTO;1045782454;INGRESO ALTO;1228794383;INGRESO ALTO;1402054391
TCD;Chad;PAÍSES DE INGRESO BAJO;11314951092;PAÍSES DE INGRESO BAJO;10715396042;PAÍSES DE INGRESO BAJO;11779981333;PAÍSES DE INGRESO BAJO;12396807588;PAÍSES DE INGRESO BAJO;13149325362
TGO;Togo;PAÍSES DE INGRESO BAJO;6992700101;PAÍSES DE INGRESO BAJO;7400284168;PAÍSES DE INGRESO BAJO;8342243646;PAÍSES DE INGRESO BAJO;8169476149;PAÍSES DE INGRESO BAJO;9171261838
THA;Thailand;INGRESO MEDIANO ALTO;543976691794;INGRESO MEDIANO ALTO;500461898480;INGRESO MEDIANO ALTO;506256494297;INGRESO MEDIANO ALTO;495645210973;INGRESO MEDIANO ALTO;514968699239
TJK;Tajikistan;PAÍSES DE INGRESO MEDIANO BAJO;8300813599;PAÍSES DE INGRESO MEDIANO BAJO;8133963551;PAÍSES DE INGRESO MEDIANO BAJO;8937805347;PAÍSES DE INGRESO MEDIANO BAJO;10713525200;PAÍSES DE INGRESO MEDIANO BAJO;12060602009
TKM;Turkmenistan;INGRESO MEDIANO ALTO;45232857143;INGRESO MEDIANO ALTO;45818000000;INGRESO MEDIANO ALTO;50007428571;INGRESO MEDIANO ALTO;58972000000;INGRESO MEDIANO ALTO;60628857143
TLS;Timor-leste;PAÍSES DE INGRESO MEDIANO BAJO;2032550400;PAÍSES DE INGRESO MEDIANO BAJO;2162619200;PAÍSES DE INGRESO MEDIANO BAJO;3624889700;PAÍSES DE INGRESO MEDIANO BAJO;3208594000;PAÍSES DE INGRESO MEDIANO BAJO;2079916900
TON;Tonga;INGRESO MEDIANO ALTO;494197841;INGRESO MEDIANO ALTO;496856296;INGRESO MEDIANO ALTO;518228012;INGRESO MEDIANO ALTO;518180042;INGRESO MEDIANO ALTO;0
TTO;Trinidad and tobago;INGRESO ALTO;23775659263;INGRESO ALTO;20807716174;INGRESO ALTO;24496397205;INGRESO ALTO;30053446092;INGRESO ALTO;27372285698
TUN;Tunisia;PAÍSES DE INGRESO MEDIANO BAJO;41905642419;PAÍSES DE INGRESO MEDIANO BAJO;42491780918;PAÍSES DE INGRESO MEDIANO BAJO;46812290143;PAÍSES DE INGRESO MEDIANO BAJO;44579761023;PAÍSES DE INGRESO MEDIANO BAJO;48529595417
TUR;Turkey;INGRESO MEDIANO ALTO;761005915751;INGRESO MEDIANO ALTO;720338490327;INGRESO MEDIANO ALTO;819865223976;INGRESO MEDIANO ALTO;907118434654;INGRESO MEDIANO ALTO;1118252964261
TUV;Tuvalu;INGRESO MEDIANO ALTO;54123199;INGRESO MEDIANO ALTO;51746594;INGRESO MEDIANO ALTO;60196406;INGRESO MEDIANO ALTO;59065982;INGRESO MEDIANO ALTO;62280312
TZA;Tanzania, united republic of;PAÍSES DE INGRESO MEDIANO BAJO;61026731926;PAÍSES DE INGRESO MEDIANO BAJO;66068737786;PAÍSES DE INGRESO MEDIANO BAJO;70655628148;PAÍSES DE INGRESO MEDIANO BAJO;75769974505;PAÍSES DE INGRESO MEDIANO BAJO;79062403821
UGA;Uganda;PAÍSES DE INGRESO BAJO;35348155095;PAÍSES DE INGRESO BAJO;37600368242;PAÍSES DE INGRESO BAJO;40529788749;PAÍSES DE INGRESO BAJO;45565333211;PAÍSES DE INGRESO BAJO;48768955863
UKR;Ukraine;INGRESO MEDIANO ALTO;153883047510;INGRESO MEDIANO ALTO;156617722013;INGRESO MEDIANO ALTO;199765859571;INGRESO MEDIANO ALTO;161989520721;INGRESO MEDIANO ALTO;178757021965
URY;Uruguay;INGRESO ALTO;62222325807;INGRESO ALTO;53668636568;INGRESO ALTO;60760798596;INGRESO ALTO;70164683290;INGRESO ALTO;77240830877
USA;United states of america;INGRESO ALTO;21539982000000;INGRESO ALTO;21354105000000;INGRESO ALTO;23681171000000;INGRESO ALTO;26006893000000;INGRESO ALTO;27720709000000
UZB;Uzbekistan;PAÍSES DE INGRESO MEDIANO BAJO;67293639798;PAÍSES DE INGRESO MEDIANO BAJO;66443265418;PAÍSES DE INGRESO MEDIANO BAJO;77340060003;PAÍSES DE INGRESO MEDIANO BAJO;90095926567;PAÍSES DE INGRESO MEDIANO BAJO;101591769702
VCT;Saint vincent and the grenadines;INGRESO MEDIANO ALTO;910766667;INGRESO MEDIANO ALTO;869111111;INGRESO MEDIANO ALTO;872225926;INGRESO MEDIANO ALTO;966492593;INGRESO MEDIANO ALTO;1065962963
VEN;Venezuela (bolivarian republic of);NO CLASIFICADO;0;NO CLASIFICADO;0;NO CLASIFICADO;0;NO CLASIFICADO;0;NO CLASIFICADO;0
VGB;Virgin islands (british);INGRESO ALTO;0;INGRESO ALTO;0;INGRESO ALTO;0;INGRESO ALTO;0;INGRESO ALTO;0
VIR;Virgin islands (u.s.);INGRESO ALTO;4121000000;INGRESO ALTO;4229000000;INGRESO ALTO;4507000000;INGRESO ALTO;4672000000;INGRESO ALTO;0
VNM;Viet nam;PAÍSES DE INGRESO MEDIANO BAJO;334365270497;PAÍSES DE INGRESO MEDIANO BAJO;346615738538;PAÍSES DE INGRESO MEDIANO BAJO;366474752771;PAÍSES DE INGRESO MEDIANO BAJO;410324028883;PAÍSES DE INGRESO MEDIANO BAJO;429716969044
VUT;Vanuatu;PAÍSES DE INGRESO MEDIANO BAJO;936526268;PAÍSES DE INGRESO MEDIANO BAJO;909421044;PAÍSES DE INGRESO MEDIANO BAJO;950394007;PAÍSES DE INGRESO MEDIANO BAJO;1022219298;PAÍSES DE INGRESO MEDIANO BAJO;1126313359
WSM;Samoa;PAÍSES DE INGRESO MEDIANO BAJO;912950466;PAÍSES DE INGRESO MEDIANO BAJO;868898358;PAÍSES DE INGRESO MEDIANO BAJO;843923639;PAÍSES DE INGRESO MEDIANO BAJO;832945206;PAÍSES DE INGRESO MEDIANO BAJO;938189444
YEM;Yemen;PAÍSES DE INGRESO BAJO;0;PAÍSES DE INGRESO BAJO;0;PAÍSES DE INGRESO BAJO;0;PAÍSES DE INGRESO BAJO;0;PAÍSES DE INGRESO BAJO;0
ZAF;South africa;INGRESO MEDIANO ALTO;389330032224;INGRESO MEDIANO ALTO;337974655408;INGRESO MEDIANO ALTO;420886877629;INGRESO MEDIANO ALTO;406920004594;INGRESO MEDIANO ALTO;380699271815
ZMB;Zambia;PAÍSES DE INGRESO MEDIANO BAJO;23308667781;PAÍSES DE INGRESO MEDIANO BAJO;18137764931;PAÍSES DE INGRESO MEDIANO BAJO;22096416932;PAÍSES DE INGRESO MEDIANO BAJO;29163782140;PAÍSES DE INGRESO MEDIANO BAJO;27577956471
ZWE;Zimbabwe;PAÍSES DE INGRESO MEDIANO BAJO;25717409842;PAÍSES DE INGRESO MEDIANO BAJO;26867936445;PAÍSES DE INGRESO MEDIANO BAJO;27240515109;PAÍSES DE INGRESO MEDIANO BAJO;32789751736;PAÍSES DE INGRESO MEDIANO BAJO;35231367886
